d,p,c,o,f,g,weight
d__Bacteria, p__Proteobacteria, c__Alphaproteobacteria, o__Puniceispirillales, f__SAR116_clade, g__SAR116_clade,0.12004577802268272
d__Bacteria, p__Proteobacteria, c__Gammaproteobacteria, o__SAR86_clade, f__SAR86_clade, g__SAR86_clade,0.10689881305117445
d__Archaea, p__Thermoplasmatota, c__Thermoplasmata, o__Marine_Group_II, f__Marine_Group_II, g__Marine_Group_II,0.10450281237235944
d__Bacteria, p__Proteobacteria, c__Gammaproteobacteria, o__Oceanospirillales, f__Saccharospirillaceae, g__Oleispira,0.046317046463864975
d__Bacteria, p__Cyanobacteria, c__Cyanobacteriia, o__Chloroplast, f__Chloroplast, g__Chloroplast,0.1310444287035606
d__Bacteria, p__Cyanobacteria, c__Cyanobacteriia, o__Chloroplast, f__Chloroplast, g__Chloroplast,0.11461170289976869
d__Bacteria, p__Proteobacteria, c__Alphaproteobacteria, o__Rickettsiales, f__S25-593, g__S25-593,0.13400525773487512
d__Bacteria, p__Verrucomicrobiota, c__Verrucomicrobiae, o__Arctic97B-4_marine_group, f__Arctic97B-4_marine_group, g__Arctic97B-4_marine_group,0.09547118841286598
d__Bacteria, p__Bacteroidota, c__Bacteroidia, o__Flavobacteriales, f__Flavobacteriaceae, g__NS5_marine_group,0.10419550776251953
d__Bacteria, p__Marinimicrobia_(SAR406_clade), c__Marinimicrobia_(SAR406_clade), o__Marinimicrobia_(SAR406_clade), f__Marinimicrobia_(SAR406_clade), g__Marinimicrobia_(SAR406_clade),0.09070605774318656
d__Bacteria, p__Proteobacteria, c__Gammaproteobacteria, o__Thiotrichales, f__Thiotrichaceae, g__uncultured,0.08603334459532538
d__Bacteria, p__Proteobacteria, c__Alphaproteobacteria, o__SAR11_clade, f__Clade_IV, g__Clade_IV,0.12688537325564017
d__Bacteria, p__Proteobacteria, c__Alphaproteobacteria, o__Rhodospirillales, f__AEGEAN-169_marine_group, g__AEGEAN-169_marine_group,0.09281953924271726
d__Bacteria, p__Bacteroidota, c__Bacteroidia, o__Flavobacteriales, f__NS7_marine_group, g__NS7_marine_group,0.1109553907372986
d__Bacteria, p__Proteobacteria, c__Gammaproteobacteria, o__SAR86_clade, f__SAR86_clade, g__SAR86_clade,0.09805072261407363
d__Bacteria, p__Proteobacteria, c__Alphaproteobacteria, o__SAR11_clade, f__Clade_I, g__Clade_Ia,0.07839803166261061
d__Bacteria, p__Actinobacteriota, c__Acidimicrobiia, o__Microtrichales, f__Microtrichaceae, g__Sva0996_marine_group,0.09118325867778987
d__Bacteria, p__Bacteroidota, c__Bacteroidia, o__Flavobacteriales, f__NS9_marine_group, g__NS9_marine_group,0.07438301511933769
d__Bacteria, p__Bacteroidota, c__Bacteroidia, o__Flavobacteriales, f__Flavobacteriaceae, g__NS4_marine_group,0.11051503874265214
d__Bacteria, p__Cyanobacteria, c__Cyanobacteriia, o__Chloroplast, f__Chloroplast, g__Chloroplast,0.13170213102702155
d__Bacteria, p__Bacteroidota, c__Bacteroidia, o__Flavobacteriales, f__Cryomorphaceae, g__uncultured,0.08939006692012563
d__Bacteria, p__Marinimicrobia_(SAR406_clade), c__Marinimicrobia_(SAR406_clade), o__Marinimicrobia_(SAR406_clade), f__Marinimicrobia_(SAR406_clade), g__Marinimicrobia_(SAR406_clade),0.10341346779315419
d__Bacteria, p__Verrucomicrobiota, c__Verrucomicrobiae, o__Opitutales, f__Puniceicoccaceae, g__Coraliomargarita,0.15167604835961296
d__Bacteria, p__Proteobacteria, c__Gammaproteobacteria, o__Steroidobacterales, f__Woeseiaceae, g__Woeseia,0.09549312359945267
d__Bacteria, p__Chloroflexi, c__Dehalococcoidia, o__SAR202_clade, f__SAR202_clade, g__SAR202_clade,0.0786531762848839
d__Bacteria, p__Marinimicrobia_(SAR406_clade), c__Marinimicrobia_(SAR406_clade), o__Marinimicrobia_(SAR406_clade), f__Marinimicrobia_(SAR406_clade), g__Marinimicrobia_(SAR406_clade),0.10109296922666686
d__Bacteria, p__Cyanobacteria, c__Cyanobacteriia, o__Chloroplast, f__Chloroplast, g__Chloroplast,0.08961682556220033
d__Bacteria, p__Proteobacteria, c__Alphaproteobacteria, o__SAR11_clade, f__Clade_I, g__Clade_Ib,0.0857151809466954
d__Bacteria, p__Proteobacteria, c__Alphaproteobacteria, o__Rhodospirillales, f__AEGEAN-169_marine_group, g__AEGEAN-169_marine_group,0.07350596911586141
d__Bacteria, p__Proteobacteria, c__Alphaproteobacteria, o__SAR11_clade, f__Clade_IV, g__Clade_IV,0.13623861951356833
d__Bacteria, p__Cyanobacteria, c__Cyanobacteriia, o__Chloroplast, f__Chloroplast, g__Chloroplast,0.0824985168910302
d__Bacteria, p__SAR324_clade(Marine_group_B), c__SAR324_clade(Marine_group_B), o__SAR324_clade(Marine_group_B), f__SAR324_clade(Marine_group_B), g__SAR324_clade(Marine_group_B),0.06360942643957497
d__Bacteria, p__Proteobacteria, c__Gammaproteobacteria, o__Thiomicrospirales, f__Thioglobaceae, g__SUP05_cluster,0.0847291288967588
d__Bacteria, p__Bacteroidota, c__Bacteroidia, o__Flavobacteriales, f__Crocinitomicaceae, g__Fluviicola,0.08847308334548856
d__Bacteria, p__Proteobacteria, c__Gammaproteobacteria, o__SAR86_clade, f__SAR86_clade, g__SAR86_clade,0.1086246977748442
d__Bacteria, p__Proteobacteria, c__Alphaproteobacteria, o__SAR11_clade, f__Clade_I, g__Clade_Ia,0.1158856321949195
d__Bacteria, p__Bacteroidota, c__Bacteroidia, o__Flavobacteriales, f__NS7_marine_group, g__NS7_marine_group,0.06394259660596996
d__Bacteria, p__Bacteroidota, c__Bacteroidia, o__Flavobacteriales, f__Flavobacteriaceae, g__NS4_marine_group,0.09792943993857088
d__Bacteria, p__Actinobacteriota, c__Acidimicrobiia, o__Actinomarinales, f__Actinomarinaceae, g__Candidatus_Actinomarina,0.08823953980683993
d__Bacteria, p__Proteobacteria, c__Alphaproteobacteria, o__Parvibaculales, f__Parvibaculaceae, g__uncultured,0.09411074864952858
d__Bacteria, p__Proteobacteria, c__Gammaproteobacteria, o__SAR86_clade, f__SAR86_clade, g__SAR86_clade,0.06464607163945667
d__Bacteria, p__Verrucomicrobiota, c__Verrucomicrobiae, o__Verrucomicrobiales, f__Rubritaleaceae, g__Roseibacillus,0.08833655734924747
d__Bacteria, p__Bacteroidota, c__Bacteroidia, o__Flavobacteriales, f__Flavobacteriaceae, g__NS2b_marine_group,0.10853866597103119
d__Bacteria, p__Bacteroidota, c__Bacteroidia, o__Flavobacteriales, f__Flavobacteriaceae, g__NS5_marine_group,0.10889156079251815
d__Bacteria, p__Proteobacteria, c__Alphaproteobacteria, o__Rhodobacterales, f__Rhodobacteraceae, g__Lentibacter,0.11919909370236262
d__Bacteria, p__Bacteroidota, c__Bacteroidia, o__Flavobacteriales, f__Cryomorphaceae, g__uncultured,0.11932614669304376
d__Bacteria, p__Proteobacteria, c__Alphaproteobacteria, o__SAR11_clade, f__Clade_II, g__Clade_II,0.0816348460247124
d__Bacteria, p__Cyanobacteria, c__Cyanobacteriia, o__Synechococcales, f__Cyanobiaceae, g__Prochlorococcus_MIT9313,0.07694247170022103
d__Bacteria, p__Cyanobacteria, c__Cyanobacteriia, o__Chloroplast, f__Chloroplast, g__Chloroplast,0.1260317991172585
d__Bacteria, p__Proteobacteria, c__Alphaproteobacteria, o__Puniceispirillales, f__SAR116_clade, g__SAR116_clade,0.11593326377751749
d__Bacteria, p__Cyanobacteria, c__Cyanobacteriia, o__Chloroplast, f__Chloroplast, g__Chloroplast,0.11550843849932353
d__Bacteria, p__Proteobacteria, c__Gammaproteobacteria, o__Cellvibrionales, f__Spongiibacteraceae, g__BD1-7_clade,0.06596063568160715
d__Bacteria, p__Proteobacteria, c__Alphaproteobacteria, o__Thalassobaculales, f__Nisaeaceae, g__OM75_clade,0.1394559750252454
d__Bacteria, p__Cyanobacteria, c__Cyanobacteriia, o__Chloroplast, f__Chloroplast, g__Chloroplast,0.07716995418842763
d__Bacteria, p__Proteobacteria, c__Alphaproteobacteria, o__Rhodobacterales, f__Rhodobacteraceae, g__Ascidiaceihabitans,0.13816530093880336
d__Bacteria, p__Proteobacteria, c__Alphaproteobacteria, o__SAR11_clade, f__Clade_II, g__Clade_II,0.10987343625542961
d__Archaea, p__Thermoplasmatota, c__Thermoplasmata, o__Marine_Group_II, f__Marine_Group_II, g__Marine_Group_II,0.11192230102403572
d__Bacteria, p__Cyanobacteria, c__Cyanobacteriia, o__Chloroplast, f__Chloroplast, g__Chloroplast,0.11618953012195687
d__Bacteria, p__Cyanobacteria, c__Cyanobacteriia, o__Chloroplast, f__Chloroplast, g__Chloroplast,0.0867698576310522
d__Bacteria, p__Proteobacteria, c__Gammaproteobacteria, o__Oceanospirillales, f__Pseudohongiellaceae, g__Pseudohongiella,0.10106806803238023
d__Bacteria, p__Verrucomicrobiota, c__Verrucomicrobiae, o__Verrucomicrobiales, f__Rubritaleaceae, g__Roseibacillus,0.13498006558549916
d__Bacteria, p__Proteobacteria, c__Gammaproteobacteria, o__Ectothiorhodospirales, f__Ectothiorhodospiraceae, g__uncultured,0.12828485642370507
d__Bacteria, p__Cyanobacteria, c__Cyanobacteriia, o__Chloroplast, f__Chloroplast, g__Chloroplast,0.102066438621326
d__Bacteria, p__Verrucomicrobiota, c__Verrucomicrobiae, o__Opitutales, f__Puniceicoccaceae, g__MB11C04_marine_group,0.11004687525217677
d__Bacteria, p__Cyanobacteria, c__Cyanobacteriia, o__Chloroplast, f__Chloroplast, g__Chloroplast,0.12710565982858651
d__Bacteria, p__Proteobacteria, c__Alphaproteobacteria, o__Rhodobacterales, f__Rhodobacteraceae, g__Ascidiaceihabitans,0.08649187965695014
d__Bacteria, p__Bacteroidota, c__Bacteroidia, o__Flavobacteriales, f__Flavobacteriaceae, g__NS5_marine_group,0.07114932939815563
d__Bacteria, p__Proteobacteria, c__Alphaproteobacteria, o__Rhodobacterales, f__Rhodobacteraceae, g__uncultured,0.0892596265886007
d__Bacteria, p__Cyanobacteria, c__Cyanobacteriia, o__Chloroplast, f__Chloroplast, g__Chloroplast,0.08651542166202386
d__Bacteria, p__Proteobacteria, c__Gammaproteobacteria, o__Cellvibrionales, f__Halieaceae, g__OM60(NOR5)_clade,0.10636424794398439
d__Bacteria, p__SAR324_clade(Marine_group_B), c__SAR324_clade(Marine_group_B), o__SAR324_clade(Marine_group_B), f__SAR324_clade(Marine_group_B), g__SAR324_clade(Marine_group_B),0.1369713207326547
d__Bacteria, p__Proteobacteria, c__Alphaproteobacteria, o__Rickettsiales, f__Mitochondria, g__Mitochondria,0.08552062575167178
d__Bacteria, p__Cyanobacteria, c__Cyanobacteriia, o__Chloroplast, f__Chloroplast, g__Chloroplast,0.0770334592739991
d__Bacteria, p__Proteobacteria, c__Alphaproteobacteria, o__Parvibaculales, f__OCS116_clade, g__OCS116_clade,0.07788868789707735
d__Bacteria, p__Marinimicrobia_(SAR406_clade), c__Marinimicrobia_(SAR406_clade), o__Marinimicrobia_(SAR406_clade), f__Marinimicrobia_(SAR406_clade), g__Marinimicrobia_(SAR406_clade),0.09032892779860438
d__Bacteria, p__Cyanobacteria, c__Cyanobacteriia, o__Chloroplast, f__Chloroplast, g__Chloroplast,0.14533189191943283
d__Bacteria, p__Proteobacteria, c__Alphaproteobacteria, o__SAR11_clade, f__Clade_I, g__Clade_Ia,0.08711603135030506
d__Bacteria, p__Verrucomicrobiota, c__Verrucomicrobiae, o__Opitutales, f__Puniceicoccaceae, g__Pelagicoccus,0.06432924843747607
d__Archaea, p__Thermoplasmatota, c__Thermoplasmata, o__Marine_Group_II, f__Marine_Group_II, g__Marine_Group_II,0.09976273250719897
d__Bacteria, p__Proteobacteria, c__Alphaproteobacteria, o__SAR11_clade, f__Clade_I, g__Clade_Ia,0.06758905969772816
d__Bacteria, p__Cyanobacteria, c__Cyanobacteriia, o__Synechococcales, f__Cyanobiaceae, g__Prochlorococcus_MIT9313,0.07465675148958904
d__Bacteria, p__Proteobacteria, c__Alphaproteobacteria, o__SAR11_clade, f__Clade_II, g__Clade_II,0.11106137888540046
d__Bacteria, p__Proteobacteria, c__Alphaproteobacteria, o__SAR11_clade, f__Clade_II, g__Clade_II,0.13025618909024708
d__Bacteria, p__Proteobacteria, c__Alphaproteobacteria, o__Puniceispirillales, f__SAR116_clade, g__SAR116_clade,0.08631233725990527
d__Bacteria, p__Bacteroidota, c__Bacteroidia, o__Flavobacteriales, f__Cryomorphaceae, g__uncultured,0.07965553570587453
d__Bacteria, p__Cyanobacteria, c__Cyanobacteriia, o__Chloroplast, f__Chloroplast, g__Chloroplast,0.07916808281033742
d__Bacteria, p__Proteobacteria, c__Gammaproteobacteria, o__Ectothiorhodospirales, f__Ectothiorhodospiraceae, g__uncultured,0.06718340999682285
d__Bacteria, p__Marinimicrobia_(SAR406_clade), c__Marinimicrobia_(SAR406_clade), o__Marinimicrobia_(SAR406_clade), f__Marinimicrobia_(SAR406_clade), g__Marinimicrobia_(SAR406_clade),0.08595675909827978
d__Bacteria, p__Proteobacteria, c__Gammaproteobacteria, o__Burkholderiales, f__Methylophilaceae, g__OM43_clade,0.09325725660579673
d__Bacteria, p__Proteobacteria, c__Alphaproteobacteria, o__Puniceispirillales, f__SAR116_clade, g__Candidatus_Puniceispirillum,0.10427876133825822
d__Bacteria, p__Cyanobacteria, c__Cyanobacteriia, o__Synechococcales, f__Cyanobiaceae, g__Prochlorococcus_MIT9313,0.14577903539078438
d__Bacteria, p__Proteobacteria, c__Alphaproteobacteria, o__SAR11_clade, f__Clade_II, g__Clade_II,0.08436207125400794
d__Bacteria, p__Cyanobacteria, c__Cyanobacteriia, o__Synechococcales, f__Cyanobiaceae, g__Synechococcus_CC9902,0.10127782090947234
d__Archaea, p__Thermoplasmatota, c__Thermoplasmata, o__Marine_Group_II, f__Marine_Group_II, g__Marine_Group_II,0.10943195488171138
d__Bacteria, p__Proteobacteria, c__Alphaproteobacteria, o__Rhodobacterales, f__Rhodobacteraceae, g__uncultured,0.19144425224821077
d__Bacteria, p__Proteobacteria, c__Alphaproteobacteria, o__Rhodospirillales, f__AEGEAN-169_marine_group, g__AEGEAN-169_marine_group,0.0698343202726129
d__Bacteria, p__Proteobacteria, c__Gammaproteobacteria, o__SAR86_clade, f__SAR86_clade, g__SAR86_clade,0.09859136004607016
d__Bacteria, p__Proteobacteria, c__Gammaproteobacteria, o__Cellvibrionales, f__Porticoccaceae, g__Porticoccus,0.0624921338653464
d__Bacteria, p__Proteobacteria, c__Alphaproteobacteria, o__Defluviicoccales, f__uncultured, g__uncultured,0.1071725995170424
d__Bacteria, p__Proteobacteria, c__Alphaproteobacteria, o__Rhodobacterales, f__Rhodobacteraceae, g__uncultured,0.07284402438248978
d__Bacteria, p__Bacteroidota, c__Bacteroidia, o__Flavobacteriales, f__Crocinitomicaceae, g__Fluviicola,0.0851878837519856
d__Bacteria, p__Proteobacteria, c__Alphaproteobacteria, o__Rhodobacterales, f__Rhodobacteraceae,NA,0.1332613301639643
d__Bacteria, p__Proteobacteria, c__Alphaproteobacteria, o__Rhodobacterales, f__Rhodobacteraceae, g__Ascidiaceihabitans,0.09943521788705864
d__Bacteria, p__Proteobacteria, c__Alphaproteobacteria, o__Parvibaculales, f__OCS116_clade, g__OCS116_clade,0.08174483114635199
d__Bacteria, p__Actinobacteriota, c__Acidimicrobiia, o__Microtrichales, f__Microtrichaceae, g__Sva0996_marine_group,0.08921209958837917
d__Bacteria, p__Proteobacteria, c__Gammaproteobacteria, o__SAR86_clade, f__SAR86_clade, g__SAR86_clade,0.09301256214509121
d__Bacteria, p__Chloroflexi, c__Dehalococcoidia, o__SAR202_clade, f__SAR202_clade, g__SAR202_clade,0.08251278955170084
d__Bacteria, p__Marinimicrobia_(SAR406_clade), c__Marinimicrobia_(SAR406_clade), o__Marinimicrobia_(SAR406_clade), f__Marinimicrobia_(SAR406_clade), g__Marinimicrobia_(SAR406_clade),0.10608965699244503
d__Bacteria, p__Proteobacteria, c__Gammaproteobacteria, o__SAR86_clade, f__SAR86_clade, g__SAR86_clade,0.08651804853629816
d__Archaea, p__Crenarchaeota, c__Nitrososphaeria, o__Nitrosopumilales, f__Nitrosopumilaceae, g__Candidatus_Nitrosopelagicus,0.10786522413426446
d__Bacteria, p__Proteobacteria, c__Alphaproteobacteria, o__SAR11_clade, f__Clade_I, g__Clade_Ia,0.07590594645801511
d__Bacteria, p__Deinococcota, c__Deinococci, o__Thermales, f__Thermaceae, g__Thermus,0.12676744039791243
d__Bacteria, p__Planctomycetota, c__Planctomycetes, o__Pirellulales, f__Pirellulaceae, g__uncultured,0.11770962437606787
d__Bacteria, p__Bacteroidota, c__Bacteroidia, o__Flavobacteriales, f__Flavobacteriaceae, g__NS4_marine_group,0.08779081076718806
d__Bacteria, p__Proteobacteria, c__Alphaproteobacteria, o__Rhodobacterales, f__Rhodobacteraceae, g__uncultured,0.09295752719941974
d__Bacteria, p__Cyanobacteria, c__Cyanobacteriia, o__Chloroplast, f__Chloroplast, g__Chloroplast,0.09326380721462632
d__Bacteria, p__Proteobacteria, c__Alphaproteobacteria, o__SAR11_clade, f__Clade_I, g__Clade_Ia,0.0762289893782923
d__Bacteria, p__Cyanobacteria, c__Cyanobacteriia, o__Synechococcales, f__Cyanobiaceae, g__Synechococcus_CC9902,0.13195597584361748
d__Bacteria, p__Proteobacteria, c__Alphaproteobacteria, o__SAR11_clade, f__Clade_I, g__Clade_Ia,0.11417622468587149
d__Bacteria, p__Planctomycetota, c__Phycisphaerae, o__Phycisphaerales, f__Phycisphaeraceae, g__CL500-3,0.0669383899401766
d__Bacteria, p__Proteobacteria, c__Gammaproteobacteria, o__Burkholderiales, f__Methylophilaceae, g__OM43_clade,0.08003770277048854
d__Bacteria, p__Proteobacteria, c__Alphaproteobacteria, o__Thalassobaculales, f__uncultured, g__uncultured,0.09148878213173207
d__Bacteria, p__Proteobacteria, c__Alphaproteobacteria, o__Rhodospirillales, f__AEGEAN-169_marine_group, g__AEGEAN-169_marine_group,0.08099956962066164
d__Bacteria, p__Actinobacteriota, c__Acidimicrobiia, o__Microtrichales, f__Microtrichaceae, g__Sva0996_marine_group,0.09010546874274779
d__Archaea, p__Crenarchaeota, c__Nitrososphaeria, o__Nitrosopumilales, f__Nitrosopumilaceae, g__Candidatus_Nitrosopumilus,0.08406597270128693
d__Bacteria, p__Proteobacteria, c__Gammaproteobacteria, o__Cellvibrionales, f__Halieaceae, g__OM60(NOR5)_clade,0.17997597692145617
d__Bacteria, p__Bacteroidota, c__Bacteroidia, o__Cytophagales, f__Cyclobacteriaceae, g__Marinoscillum,0.1239152121436959
d__Bacteria, p__Marinimicrobia_(SAR406_clade), c__Marinimicrobia_(SAR406_clade), o__Marinimicrobia_(SAR406_clade), f__Marinimicrobia_(SAR406_clade), g__Marinimicrobia_(SAR406_clade),0.07164010966749276
d__Bacteria, p__Cyanobacteria, c__Cyanobacteriia, o__Chloroplast, f__Chloroplast, g__Chloroplast,0.10402758531442922
d__Bacteria, p__Cyanobacteria, c__Cyanobacteriia, o__Chloroplast, f__Chloroplast, g__Chloroplast,0.07420607481396146
d__Bacteria, p__Bacteroidota, c__Bacteroidia, o__Flavobacteriales, f__Flavobacteriaceae, g__NS5_marine_group,0.07824089398277327
d__Bacteria, p__Bacteroidota, c__Bacteroidia, o__Flavobacteriales, f__NS9_marine_group, g__NS9_marine_group,0.08236527955135363
d__Bacteria, p__Proteobacteria, c__Alphaproteobacteria, o__Rhodobacterales, f__Rhodobacteraceae, g__Amylibacter,0.08413962762733944
d__Bacteria, p__Dadabacteria, c__Dadabacteriia, o__Dadabacteriales, f__Dadabacteriales, g__Dadabacteriales,0.08409908482260418
d__Bacteria, p__Proteobacteria, c__Alphaproteobacteria, o__Puniceispirillales, f__SAR116_clade, g__SAR116_clade,0.0813988096502554
d__Bacteria, p__Proteobacteria, c__Gammaproteobacteria, o__Thiomicrospirales, f__Thioglobaceae, g__SUP05_cluster,0.16728246473468256
d__Bacteria, p__Proteobacteria, c__Alphaproteobacteria, o__Rickettsiales, f__Mitochondria, g__Mitochondria,0.0944599376389158
d__Bacteria, p__Verrucomicrobiota, c__Verrucomicrobiae, o__Opitutales, f__Puniceicoccaceae, g__Lentimonas,0.12263153662806472
d__Bacteria, p__Proteobacteria, c__Gammaproteobacteria, o__Ga0077536, f__Ga0077536, g__Ga0077536,0.06569152632481605
d__Bacteria, p__Planctomycetota, c__Planctomycetes, o__Pirellulales, f__Pirellulaceae, g__Rhodopirellula,0.0827119625704864
d__Bacteria, p__Bacteroidota, c__Bacteroidia, o__Flavobacteriales, f__NS9_marine_group, g__NS9_marine_group,0.0858195467878744
d__Bacteria, p__Proteobacteria, c__Alphaproteobacteria, o__Rhodobacterales, f__Rhodobacteraceae, g__Roseobacter_clade_NAC11-7_lineage,0.11286270624778444
d__Bacteria, p__Proteobacteria, c__Alphaproteobacteria, o__Rhodobacterales, f__Rhodobacteraceae, g__uncultured,0.12053675096406624
d__Bacteria, p__Cyanobacteria, c__Cyanobacteriia, o__Chloroplast, f__Chloroplast, g__Chloroplast,0.051896828508305265
d__Bacteria, p__Verrucomicrobiota, c__Verrucomicrobiae, o__Opitutales, f__Puniceicoccaceae, g__Lentimonas,0.06566891677603377
d__Bacteria, p__Proteobacteria, c__Gammaproteobacteria, o__Cellvibrionales, f__Halieaceae, g__Parahaliea,0.09003086257872465
d__Bacteria, p__Bacteroidota, c__Bacteroidia, o__Flavobacteriales, f__NS9_marine_group, g__NS9_marine_group,0.10106703184305674
d__Archaea, p__Thermoplasmatota, c__Thermoplasmata, o__Marine_Group_II, f__Marine_Group_II, g__Marine_Group_II,0.10674204492385128
d__Bacteria, p__Proteobacteria, c__Alphaproteobacteria, o__SAR11_clade, f__Clade_II, g__Clade_II,0.17331690951308082
d__Archaea, p__Thermoplasmatota, c__Thermoplasmata, o__Marine_Group_II, f__Marine_Group_II, g__Marine_Group_II,0.10662797244541072
d__Bacteria, p__Proteobacteria, c__Alphaproteobacteria, o__Parvibaculales, f__OCS116_clade, g__OCS116_clade,0.11585028192045012
d__Bacteria, p__Actinobacteriota, c__Acidimicrobiia, o__Microtrichales, f__Ilumatobacteraceae, g__uncultured,0.0854723446697988
d__Bacteria, p__Proteobacteria, c__Alphaproteobacteria, o__SAR11_clade, f__Clade_I, g__Clade_Ib,0.08642505282583644
d__Bacteria, p__Proteobacteria, c__Gammaproteobacteria, o__SAR86_clade, f__SAR86_clade, g__SAR86_clade,0.1546039939142247
d__Bacteria, p__Bacteroidota, c__Bacteroidia, o__Flavobacteriales, f__Flavobacteriaceae, g__NS5_marine_group,0.0868454035315976
d__Bacteria, p__Desulfobacterota, c__uncultured, o__uncultured, f__uncultured, g__uncultured,0.08455722145583078
d__Bacteria, p__Proteobacteria, c__Gammaproteobacteria, o__UBA10353_marine_group, f__UBA10353_marine_group, g__UBA10353_marine_group,0.10949226574969782
d__Bacteria, p__Proteobacteria, c__Alphaproteobacteria, o__Parvibaculales, f__OCS116_clade, g__OCS116_clade,0.08965826044515739
d__Bacteria, p__Proteobacteria, c__Gammaproteobacteria, o__SAR86_clade, f__SAR86_clade, g__SAR86_clade,0.08710937213967142
d__Bacteria, p__Proteobacteria, c__Alphaproteobacteria, o__Rickettsiales, f__Mitochondria, g__Mitochondria,0.058215005297046325
d__Bacteria, p__Proteobacteria, c__Alphaproteobacteria, o__Rhodobacterales, f__Rhodobacteraceae,NA,0.078486563036742
d__Bacteria, p__Proteobacteria, c__Gammaproteobacteria, o__Burkholderiales, f__MWH-UniP1_aquatic_group, g__MWH-UniP1_aquatic_group,0.1005659983678877
d__Bacteria, p__Proteobacteria, c__Gammaproteobacteria, o__SAR86_clade, f__SAR86_clade, g__SAR86_clade,0.08602590497100335
d__Bacteria, p__Verrucomicrobiota, c__Verrucomicrobiae, o__Pedosphaerales, f__Pedosphaeraceae, g__SCGC_AAA164-E04,0.0790863256807979
d__Archaea, p__Thermoplasmatota, c__Thermoplasmata, o__Thermoplasmata, f__Thermoplasmata, g__Marine_Group_III,0.09965896856634587
d__Bacteria, p__Proteobacteria, c__Gammaproteobacteria, o__Oceanospirillales, f__Pseudohongiellaceae, g__Pseudohongiella,0.08514827491993858
d__Bacteria, p__Planctomycetota, c__Planctomycetes, o__Planctomycetales, f__Rubinisphaeraceae, g__uncultured,0.07631147657773829
d__Bacteria, p__Cyanobacteria, c__Cyanobacteriia, o__Synechococcales, f__Cyanobiaceae, g__Prochlorococcus_MIT9313,0.07687986728956016
d__Bacteria, p__Proteobacteria, c__Alphaproteobacteria, o__Rickettsiales, f__Mitochondria, g__Mitochondria,0.04666663229746596
d__Bacteria, p__Proteobacteria, c__Alphaproteobacteria, o__SAR11_clade, f__Clade_I, g__Clade_Ia,0.17173826079108903
d__Bacteria, p__Proteobacteria, c__Alphaproteobacteria, o__Puniceispirillales, f__SAR116_clade, g__SAR116_clade,0.09349077757058052
d__Bacteria, p__Proteobacteria, c__Alphaproteobacteria, o__Rickettsiales, f__S25-593, g__S25-593,0.1120456844071353
d__Bacteria, p__Verrucomicrobiota, c__Verrucomicrobiae, o__Verrucomicrobiales, f__DEV007, g__DEV007,0.08007125032772389
d__Bacteria, p__Cyanobacteria, c__Cyanobacteriia, o__Chloroplast, f__Chloroplast, g__Chloroplast,0.13665769609200787
d__Bacteria, p__Bacteroidota, c__Bacteroidia, o__Flavobacteriales, f__Flavobacteriaceae, g__NS5_marine_group,0.08077229871343757
d__Bacteria, p__Verrucomicrobiota, c__Verrucomicrobiae, o__Verrucomicrobiales, f__DEV007, g__DEV007,0.08848183694410111
d__Bacteria, p__Proteobacteria, c__Alphaproteobacteria, o__SAR11_clade, f__Clade_IV, g__Clade_IV,0.0935902437498484
d__Bacteria, p__Bacteroidota, c__Bacteroidia, o__Cytophagales, f__Cyclobacteriaceae, g__Marinoscillum,0.08163957775297702
d__Bacteria, p__Proteobacteria, c__Gammaproteobacteria, o__KI89A_clade, f__KI89A_clade, g__KI89A_clade,0.09446773736135593
d__Bacteria, p__Proteobacteria, c__Alphaproteobacteria, o__SAR11_clade, f__Clade_II, g__Clade_II,0.08227832517711486
d__Bacteria, p__Cyanobacteria, c__Cyanobacteriia, o__Chloroplast, f__Chloroplast, g__Chloroplast,0.10919952728453879
d__Bacteria, p__Proteobacteria, c__Gammaproteobacteria, o__Thiotrichales, f__Thiotrichaceae, g__uncultured,0.13751803267549467
d__Bacteria, p__Proteobacteria, c__Gammaproteobacteria, o__SAR86_clade, f__SAR86_clade, g__SAR86_clade,0.07759456580347102
d__Bacteria, p__Cyanobacteria, c__Cyanobacteriia, o__Chloroplast, f__Chloroplast, g__Chloroplast,0.10103673159193656
d__Bacteria, p__Proteobacteria, c__Gammaproteobacteria, o__Burkholderiales, f__Methylophilaceae, g__OM43_clade,0.0971192262130936
d__Bacteria, p__Bacteroidota, c__Bacteroidia, o__Flavobacteriales, f__Flavobacteriaceae, g__NS4_marine_group,0.09128075758145666
d__Bacteria, p__Proteobacteria, c__Gammaproteobacteria, o__KI89A_clade, f__KI89A_clade, g__KI89A_clade,0.09634802459203683
d__Bacteria, p__Proteobacteria, c__Alphaproteobacteria, o__Rickettsiales, f__Mitochondria, g__Mitochondria,0.08746569969416475
d__Bacteria, p__Bacteroidota, c__Bacteroidia, o__Flavobacteriales, f__NS7_marine_group, g__NS7_marine_group,0.09797180896284602
d__Bacteria, p__Proteobacteria, c__Gammaproteobacteria, o__HOC36, f__HOC36, g__HOC36,0.0751075650385702
d__Bacteria, p__Cyanobacteria, c__Cyanobacteriia, o__Synechococcales, f__Cyanobiaceae, g__Synechococcus_CC9902,0.15227356489033686
d__Bacteria, p__Proteobacteria, c__Alphaproteobacteria, o__Rhodospirillales, f__AEGEAN-169_marine_group, g__AEGEAN-169_marine_group,0.07985333461155372
d__Bacteria, p__Bacteroidota, c__Bacteroidia, o__Flavobacteriales, f__NS9_marine_group, g__NS9_marine_group,0.0782771442779053
d__Bacteria, p__Proteobacteria, c__Gammaproteobacteria, o__SAR86_clade, f__SAR86_clade, g__SAR86_clade,0.09800524893204056
d__Bacteria, p__Cyanobacteria, c__Cyanobacteriia, o__Synechococcales, f__Cyanobiaceae, g__Prochlorococcus_MIT9313,0.08559543948440237
d__Bacteria, p__Proteobacteria, c__Alphaproteobacteria, o__SAR11_clade, f__Clade_I, g__Clade_Ia,0.08592461934409834
d__Bacteria, p__Proteobacteria, c__Alphaproteobacteria, o__Parvibaculales, f__PS1_clade, g__PS1_clade,0.10767856336419511
d__Archaea, p__Thermoplasmatota, c__Thermoplasmata, o__Marine_Group_II, f__Marine_Group_II, g__Marine_Group_II,0.1012068092793521
d__Bacteria, p__Bacteroidota, c__Bacteroidia, o__Cytophagales, f__Cyclobacteriaceae, g__Marinoscillum,0.10860319154237223
d__Bacteria, p__Bacteroidota, c__Bacteroidia, o__Flavobacteriales, f__Flavobacteriaceae, g__NS4_marine_group,0.08708570340418946
d__Bacteria, p__Proteobacteria, c__Alphaproteobacteria, o__SAR11_clade, f__Clade_I, g__Clade_Ia,0.0911807296720869
d__Bacteria, p__Proteobacteria, c__Gammaproteobacteria, o__SAR86_clade, f__SAR86_clade, g__SAR86_clade,0.09043087694872146
d__Bacteria, p__Proteobacteria, c__Alphaproteobacteria, o__Rhodobacterales, f__Rhodobacteraceae, g__uncultured,0.08383133021567005
d__Bacteria, p__Proteobacteria, c__Gammaproteobacteria, o__Thiomicrospirales, f__Thioglobaceae, g__SUP05_cluster,0.09871322159247516
d__Bacteria, p__Proteobacteria, c__Alphaproteobacteria, o__Rhodobacterales, f__Rhodobacteraceae, g__Roseobacter_clade_NAC11-7_lineage,0.10543084003130888
d__Bacteria, p__Proteobacteria, c__Alphaproteobacteria, o__SAR11_clade, f__Clade_II, g__Clade_II,0.09174407998530525
d__Bacteria, p__Bdellovibrionota, c__Oligoflexia, o__Oligoflexales, f__uncultured, g__uncultured,0.13395118881467039
d__Bacteria, p__Bacteroidota, c__Bacteroidia, o__Flavobacteriales, f__NS9_marine_group, g__NS9_marine_group,0.05954726899466818
d__Bacteria, p__Cyanobacteria, c__Cyanobacteriia, o__Chloroplast, f__Chloroplast, g__Chloroplast,0.09493127181589117
d__Bacteria, p__Bacteroidota, c__Bacteroidia, o__Flavobacteriales, f__NS7_marine_group, g__NS7_marine_group,0.0707172859871438
d__Bacteria, p__Cyanobacteria, c__Cyanobacteriia, o__Chloroplast, f__Chloroplast, g__Chloroplast,0.07522547406420939
d__Bacteria, p__Cyanobacteria, c__Cyanobacteriia, o__Synechococcales, f__Cyanobiaceae, g__Prochlorococcus_MIT9313,0.09753107377421259
d__Bacteria, p__Proteobacteria, c__Gammaproteobacteria, o__Oceanospirillales, f__Pseudohongiellaceae, g__Pseudohongiella,0.08665866146654842
d__Bacteria, p__Proteobacteria, c__Gammaproteobacteria, o__SAR86_clade, f__SAR86_clade, g__SAR86_clade,0.10566526399034933
d__Bacteria, p__Proteobacteria, c__Alphaproteobacteria, o__SAR11_clade, f__Clade_IV, g__Clade_IV,0.09819804593602816
d__Bacteria, p__Proteobacteria, c__Alphaproteobacteria, o__Rhodobacterales, f__Rhodobacteraceae, g__Ascidiaceihabitans,0.17870763141437654
d__Bacteria, p__Bacteroidota, c__Bacteroidia, o__Flavobacteriales, f__Flavobacteriaceae, g__NS5_marine_group,0.0804721144222812
d__Bacteria, p__Proteobacteria, c__Gammaproteobacteria, o__Cellvibrionales, f__Halieaceae, g__OM60(NOR5)_clade,0.08532546988808494
d__Bacteria, p__Proteobacteria, c__Gammaproteobacteria, o__Cellvibrionales, f__Porticoccaceae, g__SAR92_clade,0.13759269306979222
d__Bacteria, p__Planctomycetota, c__Planctomycetes, o__Pirellulales, f__Pirellulaceae, g__Rubripirellula,0.07014268248305933
d__Bacteria, p__Proteobacteria, c__Alphaproteobacteria, o__Defluviicoccales, f__uncultured, g__uncultured,0.08094488415026455
d__Bacteria, p__Proteobacteria, c__Alphaproteobacteria, o__SAR11_clade, f__Clade_I, g__Clade_Ib,0.06656791543451658
d__Bacteria, p__Proteobacteria, c__Alphaproteobacteria, o__Rhodospirillales, f__Magnetospiraceae, g__uncultured,0.13622244771768005
d__Bacteria, p__Bacteroidota, c__Bacteroidia, o__Flavobacteriales, f__Flavobacteriaceae,NA,0.09654087755696311
d__Bacteria, p__Proteobacteria, c__Alphaproteobacteria, o__Puniceispirillales, f__SAR116_clade, g__Candidatus_Puniceispirillum,0.07678950747619347
d__Bacteria, p__Proteobacteria, c__Alphaproteobacteria, o__Parvibaculales, f__PS1_clade, g__PS1_clade,0.11127557917938524
d__Bacteria, p__Proteobacteria, c__Alphaproteobacteria, o__Rhodobacterales, f__Rhodobacteraceae, g__Ascidiaceihabitans,0.09052917631163353
d__Bacteria, p__Proteobacteria, c__Alphaproteobacteria, o__uncultured, f__uncultured, g__uncultured,0.0764078925480772
d__Bacteria, p__Proteobacteria, c__Alphaproteobacteria, o__Rickettsiales, f__Mitochondria, g__Mitochondria,0.10086081001256064
d__Bacteria, p__Bacteroidota, c__Bacteroidia, o__Flavobacteriales, f__Flavobacteriaceae, g__NS5_marine_group,0.08952137962712847
d__Bacteria, p__Proteobacteria, c__Alphaproteobacteria, o__Sphingomonadales, f__Sphingomonadaceae,NA,0.09667465592184575
d__Bacteria, p__Proteobacteria, c__Gammaproteobacteria, o__Alteromonadales, f__Pseudoalteromonadaceae, g__Pseudoalteromonas,0.08295152198844444
d__Bacteria, p__Proteobacteria, c__Gammaproteobacteria, o__Steroidobacterales, f__Woeseiaceae, g__Woeseia,0.0767311224915771
d__Bacteria, p__Proteobacteria, c__Gammaproteobacteria, o__Thiotrichales, f__Thiotrichaceae, g__uncultured,0.07290967475958371
d__Bacteria, p__Proteobacteria, c__Alphaproteobacteria, o__Rhodobacterales, f__Rhodobacteraceae, g__Planktomarina,0.10087022558282739
d__Bacteria, p__Cyanobacteria, c__Cyanobacteriia, o__Chloroplast, f__Chloroplast, g__Chloroplast,0.14940887286921065
d__Bacteria, p__Actinobacteriota, c__Acidimicrobiia, o__Actinomarinales, f__Actinomarinaceae, g__Candidatus_Actinomarina,0.10172613858420325
d__Bacteria, p__Actinobacteriota, c__Acidimicrobiia, o__Actinomarinales, f__Actinomarinaceae, g__Candidatus_Actinomarina,0.08711292982700704
d__Bacteria, p__Proteobacteria, c__Alphaproteobacteria, o__Puniceispirillales, f__SAR116_clade, g__SAR116_clade,0.05824354180267317
d__Bacteria, p__Verrucomicrobiota, c__Verrucomicrobiae, o__Opitutales, f__Puniceicoccaceae, g__uncultured,0.13751428351508077
d__Bacteria, p__Proteobacteria, c__Gammaproteobacteria, o__SAR86_clade, f__SAR86_clade, g__SAR86_clade,0.0954048896775754
d__Bacteria, p__Proteobacteria, c__Alphaproteobacteria, o__Puniceispirillales, f__SAR116_clade, g__Candidatus_Puniceispirillum,0.194763353387696
d__Bacteria, p__Cyanobacteria, c__Cyanobacteriia, o__Chloroplast, f__Chloroplast, g__Chloroplast,0.11129523274369887
d__Bacteria, p__Proteobacteria, c__Alphaproteobacteria, o__Parvibaculales, f__OCS116_clade, g__OCS116_clade,0.08624024935697232
d__Bacteria, p__Proteobacteria, c__Alphaproteobacteria, o__SAR11_clade, f__Clade_IV, g__Clade_IV,0.11572945721685521
d__Bacteria, p__SAR324_clade(Marine_group_B), c__SAR324_clade(Marine_group_B), o__SAR324_clade(Marine_group_B), f__SAR324_clade(Marine_group_B), g__SAR324_clade(Marine_group_B),0.0820901478724763
d__Bacteria, p__Proteobacteria, c__Gammaproteobacteria, o__SAR86_clade, f__SAR86_clade, g__SAR86_clade,0.10523018066293802
d__Bacteria, p__Proteobacteria, c__Alphaproteobacteria, o__Rickettsiales, f__Mitochondria, g__Mitochondria,0.11422480351978376
d__Bacteria, p__Cyanobacteria, c__Cyanobacteriia, o__Chloroplast, f__Chloroplast, g__Chloroplast,0.08059597948481463
d__Bacteria, p__Proteobacteria, c__Alphaproteobacteria, o__Puniceispirillales, f__SAR116_clade, g__SAR116_clade,0.10040930592905385
d__Bacteria, p__Proteobacteria, c__Alphaproteobacteria, o__SAR11_clade, f__Clade_IV, g__Clade_IV,0.1348279132162251
d__Bacteria, p__Cyanobacteria, c__Cyanobacteriia, o__Chloroplast, f__Chloroplast, g__Chloroplast,0.09669623168457177
d__Bacteria, p__Proteobacteria, c__Alphaproteobacteria, o__Thalassobaculales, f__Nisaeaceae, g__OM75_clade,0.08438849322005258
d__Bacteria, p__Proteobacteria, c__Gammaproteobacteria, o__SAR86_clade, f__SAR86_clade, g__SAR86_clade,0.09438809083908664
d__Bacteria, p__Proteobacteria, c__Gammaproteobacteria, o__Thiotrichales, f__Thiotrichaceae, g__uncultured,0.11891295394291526
d__Bacteria, p__Bacteroidota, c__Bacteroidia, o__Flavobacteriales, f__Flavobacteriaceae, g__NS5_marine_group,0.11290312544364206
d__Bacteria, p__Proteobacteria, c__Gammaproteobacteria, o__Cellvibrionales, f__Porticoccaceae, g__SAR92_clade,0.07864831757296975
d__Bacteria, p__Bacteroidota, c__Bacteroidia, o__Flavobacteriales, f__Flavobacteriaceae, g__Formosa,0.10251249860966072
d__Bacteria, p__Bacteroidota, c__Bacteroidia, o__Cytophagales, f__Cyclobacteriaceae, g__Marinoscillum,0.07936169428911471
d__Bacteria, p__Bacteroidota, c__Bacteroidia, o__Flavobacteriales, f__Flavobacteriaceae, g__NS4_marine_group,0.0897117175093055
d__Bacteria, p__Actinobacteriota, c__Acidimicrobiia, o__Actinomarinales, f__Actinomarinaceae, g__Candidatus_Actinomarina,0.08087558199043034
d__Bacteria, p__SAR324_clade(Marine_group_B), c__SAR324_clade(Marine_group_B), o__SAR324_clade(Marine_group_B), f__SAR324_clade(Marine_group_B), g__SAR324_clade(Marine_group_B),0.08558205938766142
d__Bacteria, p__Cyanobacteria, c__Cyanobacteriia, o__Chloroplast, f__Chloroplast, g__Chloroplast,0.07677989264134719
d__Bacteria, p__Proteobacteria, c__Alphaproteobacteria, o__Puniceispirillales, f__SAR116_clade, g__Candidatus_Puniceispirillum,0.09725781779244658
d__Bacteria, p__Proteobacteria, c__Gammaproteobacteria, o__Burkholderiales, f__MWH-UniP1_aquatic_group, g__MWH-UniP1_aquatic_group,0.16796705139910137
d__Bacteria, p__Proteobacteria, c__Alphaproteobacteria, o__SAR11_clade, f__Clade_I, g__Clade_Ia,0.08720559729898426
d__Bacteria, p__Proteobacteria, c__Alphaproteobacteria, o__SAR11_clade, f__Clade_I, g__Clade_Ib,0.10255130257352692
d__Bacteria, p__Cyanobacteria, c__Cyanobacteriia, o__Chloroplast, f__Chloroplast, g__Chloroplast,0.09180417709477245
d__Bacteria, p__Proteobacteria, c__Gammaproteobacteria, o__Cellvibrionales, f__Halieaceae, g__OM60(NOR5)_clade,0.15803705814176364
d__Bacteria, p__Proteobacteria, c__Alphaproteobacteria, o__Puniceispirillales, f__SAR116_clade, g__SAR116_clade,0.09771308438274613
d__Bacteria, p__Proteobacteria, c__Alphaproteobacteria, o__Rickettsiales, f__S25-593, g__S25-593,0.0881985631306075
d__Bacteria, p__Proteobacteria, c__Alphaproteobacteria, o__Rhodospirillales, f__AEGEAN-169_marine_group, g__AEGEAN-169_marine_group,0.11491986547388847
d__Bacteria, p__Proteobacteria, c__Alphaproteobacteria, o__SAR11_clade, f__Clade_I, g__Clade_Ia,0.09140197457341942
d__Bacteria, p__Proteobacteria, c__Gammaproteobacteria, o__SAR86_clade, f__SAR86_clade, g__SAR86_clade,0.09271387627152118
d__Bacteria, p__Planctomycetota, c__Phycisphaerae, o__Phycisphaerales, f__Phycisphaeraceae, g__CL500-3,0.062372594412509745
d__Bacteria, p__Cyanobacteria, c__Cyanobacteriia, o__Synechococcales, f__Cyanobiaceae, g__Synechococcus_CC9902,0.13260995420611382
d__Bacteria, p__Proteobacteria, c__Alphaproteobacteria, o__Rhodospirillales, f__AEGEAN-169_marine_group, g__AEGEAN-169_marine_group,0.08920495876069566
d__Bacteria, p__Proteobacteria, c__Alphaproteobacteria, o__Rickettsiales, f__Mitochondria, g__Mitochondria,0.10940462368690701
d__Bacteria, p__Proteobacteria, c__Alphaproteobacteria, o__Defluviicoccales, f__uncultured, g__uncultured,0.0864212872184765
d__Bacteria, p__Proteobacteria, c__Gammaproteobacteria, o__OM182_clade, f__OM182_clade, g__OM182_clade,0.08878959422207072
d__Bacteria, p__Proteobacteria, c__Alphaproteobacteria, o__SAR11_clade, f__Clade_I, g__Clade_Ib,0.06964776230476422
d__Bacteria, p__Proteobacteria, c__Alphaproteobacteria, o__SAR11_clade, f__Clade_III, g__Clade_III,0.0675520159064431
d__Bacteria, p__Actinobacteriota, c__Acidimicrobiia, o__Microtrichales, f__Microtrichaceae, g__Sva0996_marine_group,0.0707880025529105
d__Archaea, p__Thermoplasmatota, c__Thermoplasmata, o__Marine_Group_II, f__Marine_Group_II, g__Marine_Group_II,0.09731130671597447
d__Bacteria, p__Bacteroidota, c__Bacteroidia, o__Flavobacteriales, f__Flavobacteriaceae, g__Tenacibaculum,0.08334642558693167
d__Bacteria, p__Bacteroidota, c__Bacteroidia, o__Flavobacteriales, f__Flavobacteriaceae, g__NS2b_marine_group,0.07591117302170744
d__Bacteria, p__Proteobacteria, c__Alphaproteobacteria, o__Rhodobacterales, f__Rhodobacteraceae, g__uncultured,0.091948235812573
d__Bacteria, p__Proteobacteria, c__Gammaproteobacteria, o__SAR86_clade, f__SAR86_clade, g__SAR86_clade,0.08046068716844645
d__Bacteria, p__Proteobacteria, c__Gammaproteobacteria, o__Alteromonadales, f__Pseudoalteromonadaceae, g__Pseudoalteromonas,0.12679598521433208
d__Bacteria, p__Proteobacteria, c__Alphaproteobacteria, o__Rhodobacterales, f__Rhodobacteraceae, g__Ascidiaceihabitans,0.08654055884499705
d__Bacteria, p__Planctomycetota, c__Planctomycetes, o__Pirellulales, f__Pirellulaceae, g__Blastopirellula,0.10023619664667288
d__Bacteria, p__Marinimicrobia_(SAR406_clade), c__Marinimicrobia_(SAR406_clade), o__Marinimicrobia_(SAR406_clade), f__Marinimicrobia_(SAR406_clade), g__Marinimicrobia_(SAR406_clade),0.08713810448925823
d__Bacteria, p__Proteobacteria, c__Alphaproteobacteria, o__SAR11_clade, f__Clade_II, g__Clade_II,0.06654899564999794
d__Bacteria, p__Proteobacteria, c__Alphaproteobacteria, o__SAR11_clade, f__Clade_II, g__Clade_II,0.10895488251797374
d__Bacteria, p__Proteobacteria, c__Gammaproteobacteria, o__SAR86_clade, f__SAR86_clade, g__SAR86_clade,0.0857627438032359
d__Bacteria, p__Proteobacteria, c__Gammaproteobacteria, o__SAR86_clade, f__SAR86_clade, g__SAR86_clade,0.09205396033689496
d__Archaea, p__Thermoplasmatota, c__Thermoplasmata, o__Marine_Group_II, f__Marine_Group_II, g__Marine_Group_II,0.10571957846676261
d__Bacteria, p__Cyanobacteria, c__Cyanobacteriia, o__Chloroplast, f__Chloroplast, g__Chloroplast,0.09670247672555007
d__Bacteria, p__Proteobacteria, c__Gammaproteobacteria, o__Ectothiorhodospirales, f__Ectothiorhodospiraceae, g__uncultured,0.08457277901053356
d__Bacteria, p__Bacteroidota, c__Bacteroidia, o__Flavobacteriales, f__Flavobacteriaceae, g__NS5_marine_group,0.08771696045312802
d__Bacteria, p__Marinimicrobia_(SAR406_clade), c__Marinimicrobia_(SAR406_clade), o__Marinimicrobia_(SAR406_clade), f__Marinimicrobia_(SAR406_clade), g__Marinimicrobia_(SAR406_clade),0.09084063033064935
