Citation,Title,URL,Notes,Whale species,Connection,Collected/observed in what?,Location,Method,Category from citation,Common name,Kingdom,Phylum,Class,Order,Infraorder,Family,Genus,Accepted Name,API_Response
Apprill et al. 2010,Humpback whales harbour a combination of specific and variable skin bacteria,https://enviromicro-journals.onlinelibrary.wiley.com/doi/full/10.1111/j.1758-2229.2010.00213.x?casa_token=DQt3e5j5484AAAAA%3AEnO4U5VpJ6uh9w6HFfFu8NoP8wkmHkBsOJt7aYC0UhZVNZHIvbqzTTMkjnxyYUhB6xubkVS8t0s1rJ8pmg,,humpback whales,skin-associated bacteria,skin,Hawaiian Islands,DNA,,,Bacteria,Bacteroidetes,Flavobacteria,Flavobacteriales,nan,Flavobacteriaceae,nan,,Response
Apprill et al. 2014,Humpback Whale Populations Share a Core Skin Bacterial Community: Towards a Health Index for Marine Mammals?,https://journals.plos.org/plosone/article?id=10.1371/journal.pone.0090785&utm_source=nationaltribune&utm_medium=nationaltribune&utm_campaign=news,,humpback whales,skin-associated bacteria,skin,Southeast Alaska & Hawaiian Islands,DNA,,,Bacteria,Bacteroidetes,Flavobacteria,,nan,,nan,,Response
Apprill et al. 2014,Humpback Whale Populations Share a Core Skin Bacterial Community: Towards a Health Index for Marine Mammals?,https://journals.plos.org/plosone/article?id=10.1371/journal.pone.0090785&utm_source=nationaltribune&utm_medium=nationaltribune&utm_campaign=news,,humpback whales,skin-associated bacteria,skin,Southeast Alaska & Hawaiian Islands,DNA,,,Bacteria,Bacteroidetes,Flavobacteria,Flavobacteriales,nan,Flavobacteriaceae,Tenacibaculum,,Response
Apprill et al. 2014,Humpback Whale Populations Share a Core Skin Bacterial Community: Towards a Health Index for Marine Mammals?,https://journals.plos.org/plosone/article?id=10.1371/journal.pone.0090785&utm_source=nationaltribune&utm_medium=nationaltribune&utm_campaign=news,,humpback whales,skin-associated bacteria,skin,Southeast Alaska & Hawaiian Islands,DNA,,,Bacteria,Proteobacteria,Gammaproteobacteria,,nan,,nan,,Response
Apprill et al. 2014,Humpback Whale Populations Share a Core Skin Bacterial Community: Towards a Health Index for Marine Mammals?,https://journals.plos.org/plosone/article?id=10.1371/journal.pone.0090785&utm_source=nationaltribune&utm_medium=nationaltribune&utm_campaign=news,,humpback whales,skin-associated bacteria,skin,Southeast Alaska & Hawaiian Islands,DNA,,,Bacteria,Proteobacteria,Gammaproteobacteria,Pseudomonadales,nan,Moraxellaceae,Psychrobacter,,Response
Reidy et al. 2022,Fine-scale diversity of prey detected in humpback whale feces,https://onlinelibrary.wiley.com/doi/full/10.1002/ece3.9680,,humpback whales,prey,feces,Vancouver Island,DNA & microscopy,Forage fish,Pacific herring,Animalia,Chordata,Teleostei,Clupeiformes,nan,Clupeidae,nan,Clupea pallasii,Response
Reidy et al. 2022,Fine-scale diversity of prey detected in humpback whale feces,https://onlinelibrary.wiley.com/doi/full/10.1002/ece3.9680,,humpback whales,prey,feces,Vancouver Island,DNA & microscopy,Forage fish,Eulachon,Animalia,Chordata,Teleostei,Osmeriformes,nan,Osmeridae,nan,Thaleichthys pacificus,Response
Reidy et al. 2022,Fine-scale diversity of prey detected in humpback whale feces,https://onlinelibrary.wiley.com/doi/full/10.1002/ece3.9680,,humpback whales,prey,feces,Vancouver Island,DNA & microscopy,Forage fish,Pacific sandlance,Animalia,Chordata,Teleostei,Perciformes,nan,Ammodytidae,nan,Ammodytes personatus,Response
Reidy et al. 2022,Fine-scale diversity of prey detected in humpback whale feces,https://onlinelibrary.wiley.com/doi/full/10.1002/ece3.9680,,humpback whales,prey,feces,Vancouver Island,DNA & microscopy,Forage fish,Northern anchovy,Animalia,Chordata,Teleostei,Clupeiformes,nan,Engraulidae,nan,Engraulis mordax,Response
Reidy et al. 2022,Fine-scale diversity of prey detected in humpback whale feces,https://onlinelibrary.wiley.com/doi/full/10.1002/ece3.9680,,humpback whales,prey,feces,Vancouver Island,DNA & microscopy,Gadid,Pacific hake,Animalia,Chordata,Teleostei,Gadiformes,nan,Merlucciidae,nan,Merluccius productus,Response
Reidy et al. 2022,Fine-scale diversity of prey detected in humpback whale feces,https://onlinelibrary.wiley.com/doi/full/10.1002/ece3.9680,,humpback whales,prey,feces,Vancouver Island,DNA & microscopy,Gadid,Walleye pollock,Animalia,Chordata,Teleostei,Gadiformes,nan,Gadidae,nan,Gadus chalcogrammus,Response
Reidy et al. 2022,Fine-scale diversity of prey detected in humpback whale feces,https://onlinelibrary.wiley.com/doi/full/10.1002/ece3.9680,,humpback whales,prey,feces,Vancouver Island,DNA & microscopy,Gadid,Pacific grenadier,Animalia,Chordata,Teleostei,Gadiformes,nan,Macrouridae,nan,Coryphaenoides acrolepis,Response
Reidy et al. 2022,Fine-scale diversity of prey detected in humpback whale feces,https://onlinelibrary.wiley.com/doi/full/10.1002/ece3.9680,,humpback whales,prey,feces,Vancouver Island,DNA & microscopy,Salmon,Chinook salmon,Animalia,Chordata,Teleostei,Salmoniformes,nan,Salmonidae,nan,Oncorhynchus tshawytscha,Response
Reidy et al. 2022,Fine-scale diversity of prey detected in humpback whale feces,https://onlinelibrary.wiley.com/doi/full/10.1002/ece3.9680,,humpback whales,prey,feces,Vancouver Island,DNA & microscopy,Salmon,Coho salmon,Animalia,Chordata,Teleostei,Salmoniformes,nan,Salmonidae,nan,Oncorhynchus kisutch,Response
Reidy et al. 2022,Fine-scale diversity of prey detected in humpback whale feces,https://onlinelibrary.wiley.com/doi/full/10.1002/ece3.9680,,humpback whales,prey,feces,Vancouver Island,DNA & microscopy,Salmon,Chum salmon,Animalia,Chordata,Teleostei,Salmoniformes,nan,Salmonidae,nan,Oncorhynchus keta,Response
Reidy et al. 2022,Fine-scale diversity of prey detected in humpback whale feces,https://onlinelibrary.wiley.com/doi/full/10.1002/ece3.9680,,humpback whales,prey,feces,Vancouver Island,DNA & microscopy,Salmon,Pink salmon,Animalia,Chordata,Teleostei,Salmoniformes,nan,Salmonidae,nan,Oncorhynchus gorbuscha,Response
Reidy et al. 2022,Fine-scale diversity of prey detected in humpback whale feces,https://onlinelibrary.wiley.com/doi/full/10.1002/ece3.9680,,humpback whales,prey,feces,Vancouver Island,DNA & microscopy,Salmon,Sockeye salmon,Animalia,Chordata,Teleostei,Salmoniformes,nan,Salmonidae,nan,Oncorhynchus nerka,Response
Reidy et al. 2022,Fine-scale diversity of prey detected in humpback whale feces,https://onlinelibrary.wiley.com/doi/full/10.1002/ece3.9680,,humpback whales,prey,feces,Vancouver Island,DNA & microscopy,Perch,Shiner perch,Animalia,Chordata,Teleostei,Ovalentaria incertae sedis,nan,Embiotocidae,nan,Cymatogaster aggregata,Response
Reidy et al. 2022,Fine-scale diversity of prey detected in humpback whale feces,https://onlinelibrary.wiley.com/doi/full/10.1002/ece3.9680,,humpback whales,prey,feces,Vancouver Island,DNA & microscopy,Perch,Striped seaperch,Animalia,Chordata,Teleostei,Ovalentaria incertae sedis,nan,Embiotocidae,nan,Embiotoca lateralis,Response
Reidy et al. 2022,Fine-scale diversity of prey detected in humpback whale feces,https://onlinelibrary.wiley.com/doi/full/10.1002/ece3.9680,,humpback whales,prey,feces,Vancouver Island,DNA & microscopy,Perch,Kelp perch,Animalia,Chordata,Teleostei,Ovalentaria incertae sedis,nan,Embiotocidae,nan,Brachyistius frenatus,Response
Reidy et al. 2022,Fine-scale diversity of prey detected in humpback whale feces,https://onlinelibrary.wiley.com/doi/full/10.1002/ece3.9680,,humpback whales,prey,feces,Vancouver Island,DNA & microscopy,Flatfish,Butter sole,Animalia,Chordata,Teleostei,Pleuronectiformes,nan,Pleuronectidae,nan,Isopsetta isolepis,Response
Reidy et al. 2022,Fine-scale diversity of prey detected in humpback whale feces,https://onlinelibrary.wiley.com/doi/full/10.1002/ece3.9680,,humpback whales,prey,feces,Vancouver Island,DNA & microscopy,Sculpin,Scalyhead sculpin,Animalia,Chordata,Teleostei,Perciformes,nan,Cottidae,nan,Artedius harringtoni,Response
Reidy et al. 2022,Fine-scale diversity of prey detected in humpback whale feces,https://onlinelibrary.wiley.com/doi/full/10.1002/ece3.9680,,humpback whales,prey,feces,Vancouver Island,DNA & microscopy,Sculpin,Buffalo sculpin,Animalia,Chordata,Teleostei,Perciformes,nan,Cottidae,nan,Enophrys bison,Response
Reidy et al. 2022,Fine-scale diversity of prey detected in humpback whale feces,https://onlinelibrary.wiley.com/doi/full/10.1002/ece3.9680,,humpback whales,prey,feces,Vancouver Island,DNA & microscopy,Sculpin,Red Irish lord,Animalia,Chordata,Teleostei,Perciformes,nan,Cottidae,nan,Hemilepidotus hemilepidotus,Response
Reidy et al. 2022,Fine-scale diversity of prey detected in humpback whale feces,https://onlinelibrary.wiley.com/doi/full/10.1002/ece3.9680,,humpback whales,prey,feces,Vancouver Island,DNA & microscopy,Sculpin,Plain sculpin,Animalia,Chordata,Teleostei,Perciformes,nan,Cottidae,nan,Myoxocephalus jaok,Response
Reidy et al. 2022,Fine-scale diversity of prey detected in humpback whale feces,https://onlinelibrary.wiley.com/doi/full/10.1002/ece3.9680,,humpback whales,prey,feces,Vancouver Island,DNA & microscopy,Sculpin,Padded sculpin,Animalia,Chordata,Teleostei,Perciformes,nan,Cottidae,nan,Artedius fenestralis,Response
Reidy et al. 2022,Fine-scale diversity of prey detected in humpback whale feces,https://onlinelibrary.wiley.com/doi/full/10.1002/ece3.9680,,humpback whales,prey,feces,Vancouver Island,DNA & microscopy,Sculpin,Slimy sculpin,Animalia,Chordata,Teleostei,Perciformes,nan,Cottidae,nan,Cottus cognatus,Response
Reidy et al. 2022,Fine-scale diversity of prey detected in humpback whale feces,https://onlinelibrary.wiley.com/doi/full/10.1002/ece3.9680,,humpback whales,prey,feces,Vancouver Island,DNA & microscopy,Sculpin,Prickly sculpin,Animalia,Chordata,Teleostei,Perciformes,nan,Cottidae,nan,Cottus asper,Response
Reidy et al. 2022,Fine-scale diversity of prey detected in humpback whale feces,https://onlinelibrary.wiley.com/doi/full/10.1002/ece3.9680,,humpback whales,prey,feces,Vancouver Island,DNA & microscopy,Sculpin,Cabezon,Animalia,Chordata,Teleostei,Perciformes,nan,Jordaniidae,nan,Scorpaenichthys marmoratus,Response
Reidy et al. 2022,Fine-scale diversity of prey detected in humpback whale feces,https://onlinelibrary.wiley.com/doi/full/10.1002/ece3.9680,,humpback whales,prey,feces,Vancouver Island,DNA & microscopy,Other,Unknown rockfish,Animalia,Chordata,Teleostei,Perciformes,nan,Sebastidae,Sebastes,,Response
Reidy et al. 2022,Fine-scale diversity of prey detected in humpback whale feces,https://onlinelibrary.wiley.com/doi/full/10.1002/ece3.9680,,humpback whales,prey,feces,Vancouver Island,DNA & microscopy,Other,California headlight,Animalia,Chordata,Teleostei,Myctophiformes,nan,Myctophidae,nan,Diaphus theta,Response
Reidy et al. 2022,Fine-scale diversity of prey detected in humpback whale feces,https://onlinelibrary.wiley.com/doi/full/10.1002/ece3.9680,,humpback whales,prey,feces,Vancouver Island,DNA & microscopy,Other,High cockscomb,Animalia,Chordata,Teleostei,Perciformes,nan,Stichaeidae,nan,Anoplarchus purpurescens,Response
Reidy et al. 2022,Fine-scale diversity of prey detected in humpback whale feces,https://onlinelibrary.wiley.com/doi/full/10.1002/ece3.9680,,humpback whales,prey,feces,Vancouver Island,DNA & microscopy,Other,Penpoint gunnel,Animalia,Chordata,Teleostei,Perciformes,nan,Pholidae,nan,Apodichthys flavidus,Response
Reidy et al. 2022,Fine-scale diversity of prey detected in humpback whale feces,https://onlinelibrary.wiley.com/doi/full/10.1002/ece3.9680,,humpback whales,prey,feces,Vancouver Island,DNA & microscopy,Other,Ribbon prickleback,Animalia,Chordata,Teleostei,Perciformes,nan,Stichaeidae,nan,Phytichthys chirus,Response
Reidy et al. 2022,Fine-scale diversity of prey detected in humpback whale feces,https://onlinelibrary.wiley.com/doi/full/10.1002/ece3.9680,,humpback whales,prey,feces,Vancouver Island,DNA & microscopy,Other,Sablefish,Animalia,Chordata,Teleostei,Perciformes,nan,Anoplopomatidae,nan,Anoplopoma fimbria,Response
Reidy et al. 2022,Fine-scale diversity of prey detected in humpback whale feces,https://onlinelibrary.wiley.com/doi/full/10.1002/ece3.9680,,humpback whales,prey,feces,Vancouver Island,DNA & microscopy,Other,Three-spined stickleback,Animalia,Chordata,Teleostei,Perciformes,nan,Gasterosteidae,nan,Gasterosteus aculeatus,Response
Reidy et al. 2022,Fine-scale diversity of prey detected in humpback whale feces,https://onlinelibrary.wiley.com/doi/full/10.1002/ece3.9680,,humpback whales,prey,feces,Vancouver Island,DNA & microscopy,Other,Tube-snout,Animalia,Chordata,Teleostei,Perciformes,nan,Aulorhynchidae,nan,Aulorhynchus flavidus,Response
Reidy et al. 2022,Fine-scale diversity of prey detected in humpback whale feces,https://onlinelibrary.wiley.com/doi/full/10.1002/ece3.9680,,humpback whales,prey,feces,Vancouver Island,DNA & microscopy,Other,Unidentified bones,nan,nan,nan,nan,nan,nan,nan,,No Response
Reidy et al. 2022,Fine-scale diversity of prey detected in humpback whale feces,https://onlinelibrary.wiley.com/doi/full/10.1002/ece3.9680,,humpback whales,prey,feces,Vancouver Island,DNA & microscopy,Crustacean,Krill,Animalia,Arthropoda,Malacostraca,Euphausiacea,nan,Euphausiidae,nan,Euphausia pacifica,Response
Reidy et al. 2022,Fine-scale diversity of prey detected in humpback whale feces,https://onlinelibrary.wiley.com/doi/full/10.1002/ece3.9680,,humpback whales,prey,feces,Vancouver Island,DNA & microscopy,Crustacean,Krill,Animalia,Arthropoda,Malacostraca,Euphausiacea,nan,Euphausiidae,nan,Thysanoessa spinifera,Response
Reidy et al. 2022,Fine-scale diversity of prey detected in humpback whale feces,https://onlinelibrary.wiley.com/doi/full/10.1002/ece3.9680,,humpback whales,prey,feces,Vancouver Island,DNA & microscopy,Crustacean,Krill,Animalia,Arthropoda,Malacostraca,Euphausiacea,nan,Euphausiidae,nan,Thysanoessa raschii,Response
Reidy et al. 2022,Fine-scale diversity of prey detected in humpback whale feces,https://onlinelibrary.wiley.com/doi/full/10.1002/ece3.9680,,humpback whales,prey,feces,Vancouver Island,DNA & microscopy,Crustacean,Shrimp,Animalia,Arthropoda,Malacostraca,Decapoda,nan,Sergestidae,nan,Sergestes similis,Response
Reidy et al. 2022,Fine-scale diversity of prey detected in humpback whale feces,https://onlinelibrary.wiley.com/doi/full/10.1002/ece3.9680,,humpback whales,prey,feces,Vancouver Island,DNA & microscopy,Crustacean,Shrimp,Animalia,Arthropoda,Malacostraca,Mysida,nan,Mysidae,Neomysis,,Response
Reidy et al. 2022,Fine-scale diversity of prey detected in humpback whale feces,https://onlinelibrary.wiley.com/doi/full/10.1002/ece3.9680,,humpback whales,prey,feces,Vancouver Island,DNA & microscopy,Crustacean,Shrimp,Animalia,Arthropoda,Malacostraca,Mysida,nan,,nan,,Response
Reidy et al. 2022,Fine-scale diversity of prey detected in humpback whale feces,https://onlinelibrary.wiley.com/doi/full/10.1002/ece3.9680,,humpback whales,prey,feces,Vancouver Island,DNA & microscopy,Crustacean,Shrimp,Animalia,Arthropoda,Malacostraca,Decapoda,nan,Thoridae,nan,Eualus avinus,Response
Reidy et al. 2022,Fine-scale diversity of prey detected in humpback whale feces,https://onlinelibrary.wiley.com/doi/full/10.1002/ece3.9680,,humpback whales,prey,feces,Vancouver Island,DNA & microscopy,Crustacean,Shrimp,Animalia,Arthropoda,Malacostraca,Decapoda,Caridea,,nan,,Response
Reidy et al. 2022,Fine-scale diversity of prey detected in humpback whale feces,https://onlinelibrary.wiley.com/doi/full/10.1002/ece3.9680,,humpback whales,prey,feces,Vancouver Island,DNA & microscopy,Crustacean,Shrimp,Animalia,Arthropoda,Malacostraca,Cumacea,nan,,nan,,Response
Reidy et al. 2022,Fine-scale diversity of prey detected in humpback whale feces,https://onlinelibrary.wiley.com/doi/full/10.1002/ece3.9680,,humpback whales,prey,feces,Vancouver Island,DNA & microscopy,Crustacean,True crab (megalopa),Animalia,Arthropoda,Malacostraca,Decapoda,Brachyura,,nan,,Response
Reidy et al. 2022,Fine-scale diversity of prey detected in humpback whale feces,https://onlinelibrary.wiley.com/doi/full/10.1002/ece3.9680,,humpback whales,prey,feces,Vancouver Island,DNA & microscopy,Crustacean,True crab,Animalia,Arthropoda,Malacostraca,Decapoda,Brachyura,,nan,,Response
Reidy et al. 2022,Fine-scale diversity of prey detected in humpback whale feces,https://onlinelibrary.wiley.com/doi/full/10.1002/ece3.9680,,humpback whales,prey,feces,Vancouver Island,DNA & microscopy,Crustacean,Non-true crab,Animalia,Arthropoda,Malacostraca,Decapoda,Anomura,,nan,,Response
Reidy et al. 2022,Fine-scale diversity of prey detected in humpback whale feces,https://onlinelibrary.wiley.com/doi/full/10.1002/ece3.9680,,humpback whales,prey,feces,Vancouver Island,DNA & microscopy,Crustacean,Squat lobster,Animalia,Arthropoda,Malacostraca,Decapoda,nan,Galatheidae,nan,,Response
Reidy et al. 2022,Fine-scale diversity of prey detected in humpback whale feces,https://onlinelibrary.wiley.com/doi/full/10.1002/ece3.9680,,humpback whales,prey,feces,Vancouver Island,DNA & microscopy,Crustacean,Decapod,Animalia,Arthropoda,Malacostraca,Decapoda,nan,,nan,,Response
Reidy et al. 2022,Fine-scale diversity of prey detected in humpback whale feces,https://onlinelibrary.wiley.com/doi/full/10.1002/ece3.9680,,humpback whales,prey,feces,Vancouver Island,DNA & microscopy,Crustacean,Copepod,Animalia,Arthropoda,Copepoda,Cyclopoida,nan,Corycaeidae,nan,Ditrichocorycaeus anglicus,Response
Reidy et al. 2022,Fine-scale diversity of prey detected in humpback whale feces,https://onlinelibrary.wiley.com/doi/full/10.1002/ece3.9680,,humpback whales,prey,feces,Vancouver Island,DNA & microscopy,Crustacean,Copepod,Animalia,Arthropoda,Copepoda,Calanoida,nan,Acartiidae,nan,Acartia longiremis,Response
Reidy et al. 2022,Fine-scale diversity of prey detected in humpback whale feces,https://onlinelibrary.wiley.com/doi/full/10.1002/ece3.9680,,humpback whales,prey,feces,Vancouver Island,DNA & microscopy,Crustacean,Copepod,Animalia,Arthropoda,Copepoda,Calanoida,nan,Calanidae,nan,Calanus pacificus,Response
Reidy et al. 2022,Fine-scale diversity of prey detected in humpback whale feces,https://onlinelibrary.wiley.com/doi/full/10.1002/ece3.9680,,humpback whales,prey,feces,Vancouver Island,DNA & microscopy,Crustacean,Copepod,Animalia,Arthropoda,Copepoda,Calanoida,nan,Candaciidae,nan,Candacia columbiae,Response
Reidy et al. 2022,Fine-scale diversity of prey detected in humpback whale feces,https://onlinelibrary.wiley.com/doi/full/10.1002/ece3.9680,,humpback whales,prey,feces,Vancouver Island,DNA & microscopy,Crustacean,Hyperiid amphipod,Animalia,Arthropoda,Malacostraca,Amphipoda,nan,,nan,,Response
Reidy et al. 2022,Fine-scale diversity of prey detected in humpback whale feces,https://onlinelibrary.wiley.com/doi/full/10.1002/ece3.9680,,humpback whales,prey,feces,Vancouver Island,DNA & microscopy,Crustacean,Ostracod,Animalia,Arthropoda,Ostracoda,,nan,,nan,,Response
Reidy et al. 2022,Fine-scale diversity of prey detected in humpback whale feces,https://onlinelibrary.wiley.com/doi/full/10.1002/ece3.9680,,humpback whales,prey,feces,Vancouver Island,DNA & microscopy,Crustacean,Unidentified pieces,nan,nan,nan,nan,nan,nan,nan,,No Response
Reidy et al. 2022,Fine-scale diversity of prey detected in humpback whale feces,https://onlinelibrary.wiley.com/doi/full/10.1002/ece3.9680,,humpback whales,prey,feces,Vancouver Island,DNA & microscopy,Mollusk,Snail,Animalia,Mollusca,Gastropoda,Cephalaspidea,nan,Haminoeidae,nan,Haminoea vesicula,Response
Reidy et al. 2022,Fine-scale diversity of prey detected in humpback whale feces,https://onlinelibrary.wiley.com/doi/full/10.1002/ece3.9680,,humpback whales,prey,feces,Vancouver Island,DNA & microscopy,Mollusk,Snail,Animalia,Mollusca,Gastropoda,,nan,,nan,,Response
Reidy et al. 2022,Fine-scale diversity of prey detected in humpback whale feces,https://onlinelibrary.wiley.com/doi/full/10.1002/ece3.9680,,humpback whales,prey,feces,Vancouver Island,DNA & microscopy,Mollusk,Cephalopod,Animalia,Mollusca,Cephalopoda,,nan,,nan,,Response
Reidy et al. 2022,Fine-scale diversity of prey detected in humpback whale feces,https://onlinelibrary.wiley.com/doi/full/10.1002/ece3.9680,,humpback whales,prey,feces,Vancouver Island,DNA & microscopy,Mollusk,Bivlave,Animalia,Mollusca,Bivalvia,,nan,,nan,,Response
Reidy et al. 2022,Fine-scale diversity of prey detected in humpback whale feces,https://onlinelibrary.wiley.com/doi/full/10.1002/ece3.9680,,humpback whales,prey,feces,Vancouver Island,DNA & microscopy,Other,Bryozoan,Animalia,Bryozoa,Stenolaemata,Cyclostomatida,nan,,nan,,Response
Reidy et al. 2022,Fine-scale diversity of prey detected in humpback whale feces,https://onlinelibrary.wiley.com/doi/full/10.1002/ece3.9680,,humpback whales,prey,feces,Vancouver Island,DNA & microscopy,Other,Foraminifera,Chromista,Retaria,Foraminifera,,nan,,nan,,Response
Reidy et al. 2022,Fine-scale diversity of prey detected in humpback whale feces,https://onlinelibrary.wiley.com/doi/full/10.1002/ece3.9680,,humpback whales,prey,feces,Vancouver Island,DNA & microscopy,Other,Hydromedusae,Animalia,Cnidaria,,,nan,,nan,,Response
Reidy et al. 2022,Fine-scale diversity of prey detected in humpback whale feces,https://onlinelibrary.wiley.com/doi/full/10.1002/ece3.9680,,humpback whales,prey,feces,Vancouver Island,DNA & microscopy,Segmented worm,Worm,Animalia,Annelida,Polychaeta,Phyllodocida,nan,Nereididae,nan,Platynereis bicanaliculata,Response
Reidy et al. 2022,Fine-scale diversity of prey detected in humpback whale feces,https://onlinelibrary.wiley.com/doi/full/10.1002/ece3.9680,,humpback whales,prey,feces,Vancouver Island,DNA & microscopy,Segmented worm,Worm,Animalia,Annelida,Polychaeta,,nan,,nan,,Response
Reidy et al. 2022,Fine-scale diversity of prey detected in humpback whale feces,https://onlinelibrary.wiley.com/doi/full/10.1002/ece3.9680,,humpback whales,prey,feces,Vancouver Island,DNA & microscopy,Endoparasite,Worm,Animalia,Nematoda,Chromadorea,Rhabditida,nan,Anisakidae,nan,Anisakis simplex,Response
Reidy et al. 2022,Fine-scale diversity of prey detected in humpback whale feces,https://onlinelibrary.wiley.com/doi/full/10.1002/ece3.9680,,humpback whales,prey,feces,Vancouver Island,DNA & microscopy,Endoparasite,Worm,Animalia,Nematoda,,,nan,,nan,,Response
Reidy et al. 2022,Fine-scale diversity of prey detected in humpback whale feces,https://onlinelibrary.wiley.com/doi/full/10.1002/ece3.9680,,humpback whales,prey,feces,Vancouver Island,DNA & microscopy,Endoparasite,Spiny-headed worm,Animalia,Acanthocephala,,,nan,,nan,,Response
Reidy et al. 2022,Fine-scale diversity of prey detected in humpback whale feces,https://onlinelibrary.wiley.com/doi/full/10.1002/ece3.9680,,humpback whales,prey,feces,Vancouver Island,DNA & microscopy,Organic,Baleen,nan,nan,nan,nan,nan,nan,nan,,No Response
Reidy et al. 2022,Fine-scale diversity of prey detected in humpback whale feces,https://onlinelibrary.wiley.com/doi/full/10.1002/ece3.9680,,humpback whales,prey,feces,Vancouver Island,DNA & microscopy,Organic,Bird feather,nan,nan,nan,nan,nan,nan,nan,,No Response
Reidy et al. 2022,Fine-scale diversity of prey detected in humpback whale feces,https://onlinelibrary.wiley.com/doi/full/10.1002/ece3.9680,,humpback whales,prey,feces,Vancouver Island,DNA & microscopy,Organic,Fur/hair (animal),nan,nan,nan,nan,nan,nan,nan,,No Response
Reidy et al. 2022,Fine-scale diversity of prey detected in humpback whale feces,https://onlinelibrary.wiley.com/doi/full/10.1002/ece3.9680,,humpback whales,prey,feces,Vancouver Island,DNA & microscopy,Organic,Plant material,nan,nan,nan,nan,nan,nan,nan,,No Response
Reidy et al. 2022,Fine-scale diversity of prey detected in humpback whale feces,https://onlinelibrary.wiley.com/doi/full/10.1002/ece3.9680,,humpback whales,prey,feces,Vancouver Island,DNA & microscopy,Inorganic,Seafloor sediments,nan,nan,nan,nan,nan,nan,nan,,No Response
Reidy et al. 2022,Fine-scale diversity of prey detected in humpback whale feces,https://onlinelibrary.wiley.com/doi/full/10.1002/ece3.9680,,humpback whales,prey,feces,Vancouver Island,DNA & microscopy,Inorganic,Plastic fibers,nan,nan,nan,nan,nan,nan,nan,,No Response
Guass et al. 2016,"Analysis of the microbial diversity in faecal material of the endangered blue whale, Balaenoptera musculus",https://link.springer.com/article/10.1007/s10482-016-0698-1,Clostridium most dominant,blue whales,gut bacteria/fungi?,feces,California,bacterial and fungal tag-encoded FLX-Titanium amplicon pyrosequencing,,,Bacteria,Firmicutes,Clostridia,Clostridiales,nan,Clostridiaceae,Clostridium,,Response
Guass et al. 2016,"Analysis of the microbial diversity in faecal material of the endangered blue whale, Balaenoptera musculus",https://link.springer.com/article/10.1007/s10482-016-0698-1,,blue whales,gut bacteria/fungi?,feces,California,bacterial and fungal tag-encoded FLX-Titanium amplicon pyrosequencing,,,Bacteria,Firmicutes,nan,nan,nan,nan,Sarcina,,No Response
Guass et al. 2016,"Analysis of the microbial diversity in faecal material of the endangered blue whale, Balaenoptera musculus",https://link.springer.com/article/10.1007/s10482-016-0698-1,,blue whales,gut bacteria/fungi?,feces,California,bacterial and fungal tag-encoded FLX-Titanium amplicon pyrosequencing,,,Bacteria,Proteobacteria,Gammaproteobacteria,Pasteurellales,nan,Pasteurellaceae,Phocoenobacter,,Response
Guass et al. 2016,"Analysis of the microbial diversity in faecal material of the endangered blue whale, Balaenoptera musculus",https://link.springer.com/article/10.1007/s10482-016-0698-1,,blue whales,gut bacteria/fungi?,feces,California,bacterial and fungal tag-encoded FLX-Titanium amplicon pyrosequencing,,,Bacteria,Firmicutes,Bacili,Lactobacillales,nan,Enterococcaceae,Enterococcus,,Response
Guass et al. 2016,"Analysis of the microbial diversity in faecal material of the endangered blue whale, Balaenoptera musculus",https://link.springer.com/article/10.1007/s10482-016-0698-1,,blue whales,gut bacteria/fungi?,feces,California,bacterial and fungal tag-encoded FLX-Titanium amplicon pyrosequencing,,,Bacteria,Firmicutes,nan,nan,nan,nan,Oscillospira,,No Response
Guass et al. 2016,"Analysis of the microbial diversity in faecal material of the endangered blue whale, Balaenoptera musculus",https://link.springer.com/article/10.1007/s10482-016-0698-1,,blue whales,gut bacteria/fungi?,feces,California,bacterial and fungal tag-encoded FLX-Titanium amplicon pyrosequencing,,,Bacteria,Proteobacteria,Gammaproteobacteria,Vibrionales,nan,Vibrionaceae,Photobacterium,,Response
Guass et al. 2016,"Analysis of the microbial diversity in faecal material of the endangered blue whale, Balaenoptera musculus",https://link.springer.com/article/10.1007/s10482-016-0698-1,,blue whales,gut bacteria/fungi?,feces,California,bacterial and fungal tag-encoded FLX-Titanium amplicon pyrosequencing,,,Bacteria,Firmicutes,Clostridia,Clostridiales,nan,Ruminococcaceae,Ruminococcus,,Response
Guass et al. 2016,"Analysis of the microbial diversity in faecal material of the endangered blue whale, Balaenoptera musculus",https://link.springer.com/article/10.1007/s10482-016-0698-1,,blue whales,gut bacteria/fungi?,feces,California,bacterial and fungal tag-encoded FLX-Titanium amplicon pyrosequencing,,,Bacteria,Firmicutes,Clostridia,Clostridiales,nan,Eubacteriaceae,Eubacterium,,Response
Guass et al. 2016,"Analysis of the microbial diversity in faecal material of the endangered blue whale, Balaenoptera musculus",https://link.springer.com/article/10.1007/s10482-016-0698-1,,blue whales,gut bacteria/fungi?,feces,California,bacterial and fungal tag-encoded FLX-Titanium amplicon pyrosequencing,,,Bacteria,Firmicutes,Clostridia,Clostridiales,nan,Ruminococcaceae,Faecalibacterium,,Response
Guass et al. 2016,"Analysis of the microbial diversity in faecal material of the endangered blue whale, Balaenoptera musculus",https://link.springer.com/article/10.1007/s10482-016-0698-1,,blue whales,gut bacteria/fungi?,feces,California,bacterial and fungal tag-encoded FLX-Titanium amplicon pyrosequencing,,,Bacteria,Firmicutes,nan,nan,nan,nan,Anaerovorax,,No Response
Guass et al. 2016,"Analysis of the microbial diversity in faecal material of the endangered blue whale, Balaenoptera musculus",https://link.springer.com/article/10.1007/s10482-016-0698-1,,blue whales,gut bacteria/fungi?,feces,California,bacterial and fungal tag-encoded FLX-Titanium amplicon pyrosequencing,,,Bacteria,Firmicutes,nan,nan,nan,nan,Solobacterium,,No Response
Guass et al. 2016,"Analysis of the microbial diversity in faecal material of the endangered blue whale, Balaenoptera musculus",https://link.springer.com/article/10.1007/s10482-016-0698-1,,blue whales,gut bacteria/fungi?,feces,California,bacterial and fungal tag-encoded FLX-Titanium amplicon pyrosequencing,,,Bacteria,Actinobacteria,nan,nan,nan,nan,Atopobium,,No Response
Guass et al. 2016,"Analysis of the microbial diversity in faecal material of the endangered blue whale, Balaenoptera musculus",https://link.springer.com/article/10.1007/s10482-016-0698-1,,blue whales,gut bacteria/fungi?,feces,California,bacterial and fungal tag-encoded FLX-Titanium amplicon pyrosequencing,,,Bacteria,Firmicutes,Clostridia,Clostridiales,nan,Lachnospiraceae,Butyrivibrio,,Response
Guass et al. 2016,"Analysis of the microbial diversity in faecal material of the endangered blue whale, Balaenoptera musculus",https://link.springer.com/article/10.1007/s10482-016-0698-1,,blue whales,gut bacteria/fungi?,feces,California,bacterial and fungal tag-encoded FLX-Titanium amplicon pyrosequencing,,,Bacteria,Firmicutes,nan,nan,nan,nan,Granulicatella,,No Response
Guass et al. 2016,"Analysis of the microbial diversity in faecal material of the endangered blue whale, Balaenoptera musculus",https://link.springer.com/article/10.1007/s10482-016-0698-1,,blue whales,gut bacteria/fungi?,feces,California,bacterial and fungal tag-encoded FLX-Titanium amplicon pyrosequencing,,,Bacteria,Firmicutes,Clostridia,Clostridiales,nan,Lachnospiraceae,Dorea,,Response
Guass et al. 2016,"Analysis of the microbial diversity in faecal material of the endangered blue whale, Balaenoptera musculus",https://link.springer.com/article/10.1007/s10482-016-0698-1,,blue whales,gut bacteria/fungi?,feces,California,bacterial and fungal tag-encoded FLX-Titanium amplicon pyrosequencing,,,Bacteria,Firmicutes,Erysipelotrichi,Erysipelotrichales,nan,Erysipelotrichaceae,Erysipelothrix,,Response
Guass et al. 2016,"Analysis of the microbial diversity in faecal material of the endangered blue whale, Balaenoptera musculus",https://link.springer.com/article/10.1007/s10482-016-0698-1,,blue whales,gut bacteria/fungi?,feces,California,bacterial and fungal tag-encoded FLX-Titanium amplicon pyrosequencing,,,Bacteria,Firmicutes,Clostridia,Clostridiales,nan,Ruminococcaceae,Sporobacter,,Response
Guass et al. 2016,"Analysis of the microbial diversity in faecal material of the endangered blue whale, Balaenoptera musculus",https://link.springer.com/article/10.1007/s10482-016-0698-1,,blue whales,gut bacteria/fungi?,feces,California,bacterial and fungal tag-encoded FLX-Titanium amplicon pyrosequencing,,,Bacteria,Bacteroidetes,Bacteroidia,Bacteroidales,nan,Bacteroidaceae,Bacteroides,,Response
Guass et al. 2016,"Analysis of the microbial diversity in faecal material of the endangered blue whale, Balaenoptera musculus",https://link.springer.com/article/10.1007/s10482-016-0698-1,,blue whales,gut bacteria/fungi?,feces,California,bacterial and fungal tag-encoded FLX-Titanium amplicon pyrosequencing,,,Bacteria,Bacteroidetes,Bacteroidia,Bacteroidales,nan,Prevotellaceae,Prevotella,,Response
Guass et al. 2016,"Analysis of the microbial diversity in faecal material of the endangered blue whale, Balaenoptera musculus",https://link.springer.com/article/10.1007/s10482-016-0698-1,,blue whales,gut bacteria/fungi?,feces,California,bacterial and fungal tag-encoded FLX-Titanium amplicon pyrosequencing,,,Bacteria,Firmicutes,Erysipelotrichi,Erysipelotrichales,nan,Erysipelotrichaceae,Turicibacter,,Response
Guass et al. 2016,"Analysis of the microbial diversity in faecal material of the endangered blue whale, Balaenoptera musculus",https://link.springer.com/article/10.1007/s10482-016-0698-1,,blue whales,gut bacteria/fungi?,feces,California,bacterial and fungal tag-encoded FLX-Titanium amplicon pyrosequencing,,,Bacteria,Firmicutes,Clostridia,Clostridiales,nan,Peptococcaceae,Peptococcus,,Response
Guass et al. 2016,"Analysis of the microbial diversity in faecal material of the endangered blue whale, Balaenoptera musculus",https://link.springer.com/article/10.1007/s10482-016-0698-1,,blue whales,gut bacteria/fungi?,feces,California,bacterial and fungal tag-encoded FLX-Titanium amplicon pyrosequencing,,,Bacteria,Firmicutes,Clostridia,Clostridiales,nan,Ruminococcaceae,Anaerofilum,,Response
Guass et al. 2016,"Analysis of the microbial diversity in faecal material of the endangered blue whale, Balaenoptera musculus",https://link.springer.com/article/10.1007/s10482-016-0698-1,,blue whales,gut bacteria/fungi?,feces,California,bacterial and fungal tag-encoded FLX-Titanium amplicon pyrosequencing,,,Bacteria,Firmicutes,Clostridia,Clostridiales,nan,Peptostreptococcaceae,Peptostreptococcus,,Response
Guass et al. 2016,"Analysis of the microbial diversity in faecal material of the endangered blue whale, Balaenoptera musculus",https://link.springer.com/article/10.1007/s10482-016-0698-1,,blue whales,gut bacteria/fungi?,feces,California,bacterial and fungal tag-encoded FLX-Titanium amplicon pyrosequencing,,,Bacteria,Actinobacteria,nan,nan,nan,nan,Gordonibacter,,No Response
Guass et al. 2016,"Analysis of the microbial diversity in faecal material of the endangered blue whale, Balaenoptera musculus",https://link.springer.com/article/10.1007/s10482-016-0698-1,,blue whales,gut bacteria/fungi?,feces,California,bacterial and fungal tag-encoded FLX-Titanium amplicon pyrosequencing,,,Bacteria,Firmicutes,Clostridia,Clostridiales,nan,Ruminococcaceae,Acetivibrio,,Response
Guass et al. 2016,"Analysis of the microbial diversity in faecal material of the endangered blue whale, Balaenoptera musculus",https://link.springer.com/article/10.1007/s10482-016-0698-1,,blue whales,gut bacteria/fungi?,feces,California,bacterial and fungal tag-encoded FLX-Titanium amplicon pyrosequencing,,,Bacteria,Bacteroidetes,Bacteroidia,Bacteroidales,nan,Porphyromonadaceae,Barnesiella,,Response
Guass et al. 2016,"Analysis of the microbial diversity in faecal material of the endangered blue whale, Balaenoptera musculus",https://link.springer.com/article/10.1007/s10482-016-0698-1,,blue whales,gut bacteria/fungi?,feces,California,bacterial and fungal tag-encoded FLX-Titanium amplicon pyrosequencing,,,Bacteria,Firmicutes,Erysipelotrichi,Erysipelotrichales,nan,Erysipelotrichaceae,Bulleidia,,Response
Guass et al. 2016,"Analysis of the microbial diversity in faecal material of the endangered blue whale, Balaenoptera musculus",https://link.springer.com/article/10.1007/s10482-016-0698-1,,blue whales,gut bacteria/fungi?,feces,California,bacterial and fungal tag-encoded FLX-Titanium amplicon pyrosequencing,,,Bacteria,Firmicutes,nan,nan,nan,nan,Pseudoflavonifractor,,No Response
Guass et al. 2016,"Analysis of the microbial diversity in faecal material of the endangered blue whale, Balaenoptera musculus",https://link.springer.com/article/10.1007/s10482-016-0698-1,,blue whales,gut bacteria/fungi?,feces,California,bacterial and fungal tag-encoded FLX-Titanium amplicon pyrosequencing,,,Bacteria,Firmicutes,nan,nan,nan,nan,Blautia,,No Response
Guass et al. 2016,"Analysis of the microbial diversity in faecal material of the endangered blue whale, Balaenoptera musculus",https://link.springer.com/article/10.1007/s10482-016-0698-1,,blue whales,gut bacteria/fungi?,feces,California,bacterial and fungal tag-encoded FLX-Titanium amplicon pyrosequencing,,,Bacteria,Firmicutes,Clostridia,Clostridiales,nan,Ruminococcaceae,Subdoligranulum,,Response
Guass et al. 2016,"Analysis of the microbial diversity in faecal material of the endangered blue whale, Balaenoptera musculus",https://link.springer.com/article/10.1007/s10482-016-0698-1,,blue whales,gut bacteria/fungi?,feces,California,bacterial and fungal tag-encoded FLX-Titanium amplicon pyrosequencing,,,Bacteria,Bacteroidetes,Bacteroidia,Bacteroidales,nan,Porphyromonadaceae,Parabacteroides,,Response
Guass et al. 2016,"Analysis of the microbial diversity in faecal material of the endangered blue whale, Balaenoptera musculus",https://link.springer.com/article/10.1007/s10482-016-0698-1,,blue whales,gut bacteria/fungi?,feces,California,bacterial and fungal tag-encoded FLX-Titanium amplicon pyrosequencing,,,Bacteria,Firmicutes,nan,nan,nan,nan,Gracilibacter,,No Response
Guass et al. 2016,"Analysis of the microbial diversity in faecal material of the endangered blue whale, Balaenoptera musculus",https://link.springer.com/article/10.1007/s10482-016-0698-1,,blue whales,gut bacteria/fungi?,feces,California,bacterial and fungal tag-encoded FLX-Titanium amplicon pyrosequencing,,,Bacteria,Bacteroidetes,nan,nan,nan,nan,Alloprevotella,,No Response
Guass et al. 2016,"Analysis of the microbial diversity in faecal material of the endangered blue whale, Balaenoptera musculus",https://link.springer.com/article/10.1007/s10482-016-0698-1,Metschnikowia most dominant fungi,blue whales,gut bacteria/fungi?,feces,California,bacterial and fungal tag-encoded FLX-Titanium amplicon pyrosequencing,,,Fungi,Ascomycota,Saccharomycetes,Saccharomycetales,nan,Metschnikowiaceae,Metschnikowia,,Response
Guass et al. 2016,"Analysis of the microbial diversity in faecal material of the endangered blue whale, Balaenoptera musculus",https://link.springer.com/article/10.1007/s10482-016-0698-1,,blue whales,gut bacteria/fungi?,feces,California,bacterial and fungal tag-encoded FLX-Titanium amplicon pyrosequencing,,,Fungi,Ascomycota,nan,nan,nan,nan,Arthroderma,,No Response
Guass et al. 2016,"Analysis of the microbial diversity in faecal material of the endangered blue whale, Balaenoptera musculus",https://link.springer.com/article/10.1007/s10482-016-0698-1,,blue whales,gut bacteria/fungi?,feces,California,bacterial and fungal tag-encoded FLX-Titanium amplicon pyrosequencing,,,Fungi,Ascomycota,Sordariomycetes,Hypocreales,nan,Nectriaceae,Fusarium,,Response
Guass et al. 2016,"Analysis of the microbial diversity in faecal material of the endangered blue whale, Balaenoptera musculus",https://link.springer.com/article/10.1007/s10482-016-0698-1,,blue whales,gut bacteria/fungi?,feces,California,bacterial and fungal tag-encoded FLX-Titanium amplicon pyrosequencing,,,Fungi,Ascomycota,nan,nan,nan,nan,Trichophyton,,No Response
Guass et al. 2016,"Analysis of the microbial diversity in faecal material of the endangered blue whale, Balaenoptera musculus",https://link.springer.com/article/10.1007/s10482-016-0698-1,,blue whales,gut bacteria/fungi?,feces,California,bacterial and fungal tag-encoded FLX-Titanium amplicon pyrosequencing,,,Fungi,Ascomycota,nan,nan,nan,nan,Pseudevernia,,No Response
Guass et al. 2016,"Analysis of the microbial diversity in faecal material of the endangered blue whale, Balaenoptera musculus",https://link.springer.com/article/10.1007/s10482-016-0698-1,,blue whales,gut bacteria/fungi?,feces,California,bacterial and fungal tag-encoded FLX-Titanium amplicon pyrosequencing,,,Fungi,Ascomycota,nan,nan,nan,nan,Clavispora,,No Response
Guass et al. 2016,"Analysis of the microbial diversity in faecal material of the endangered blue whale, Balaenoptera musculus",https://link.springer.com/article/10.1007/s10482-016-0698-1,,blue whales,gut bacteria/fungi?,feces,California,bacterial and fungal tag-encoded FLX-Titanium amplicon pyrosequencing,,,Fungi,Basidiomycota,Agaricomycetes,Agaricales,nan,Agaricaceae,Leucoagaricus,,Response
Measures 1993,"Annotated List of Metazoan Parasites Reported from the Blue Whale, Balaenoptera musculus",https://www.researchgate.net/publication/265906993_Annotated_List_of_Metazoan_Parasites_Reported_from_the_Blue_Whale_Balaenoptera_musculus,"The acquisition of parasites by blue whales, which have a moderate diversity of parasites, is probably restricted by their highly specialized euphausid diet.",blue whales,parasites,skin?,All - review,visual?,,,Animalia,Platyhelminthes,Cestoda,Diphyllobothriidea,nan,Diphyllobothriidae,nan,Diplogonoporus balaenopterae,Response
Measures 1993,"Annotated List of Metazoan Parasites Reported from the Blue Whale, Balaenoptera musculus",https://www.researchgate.net/publication/265906993_Annotated_List_of_Metazoan_Parasites_Reported_from_the_Blue_Whale_Balaenoptera_musculus,,blue whales,parasites,skin?,All - review,visual?,,,Animalia,Platyhelminthes,Cestoda,Tetrabothriidea,nan,Tetrabothriidae,nan,Priapocephalus grandis,Response
Measures 1993,"Annotated List of Metazoan Parasites Reported from the Blue Whale, Balaenoptera musculus",https://www.researchgate.net/publication/265906993_Annotated_List_of_Metazoan_Parasites_Reported_from_the_Blue_Whale_Balaenoptera_musculus,,blue whales,parasites,skin?,All - review,visual?,,,Animalia,Platyhelminthes,Cestoda,Tetrabothriidea,nan,Tetrabothriidae,nan,Tetrabothrius affinis,Response
Measures 1993,"Annotated List of Metazoan Parasites Reported from the Blue Whale, Balaenoptera musculus",https://www.researchgate.net/publication/265906993_Annotated_List_of_Metazoan_Parasites_Reported_from_the_Blue_Whale_Balaenoptera_musculus,,blue whales,parasites,skin?,All - review,visual?,,,Animalia,Platyhelminthes,Cestoda,Tetrabothriidea,nan,Tetrabothriidae,nan,Tetrabothrius wilsoni,Response
Measures 1993,"Annotated List of Metazoan Parasites Reported from the Blue Whale, Balaenoptera musculus",https://www.researchgate.net/publication/265906993_Annotated_List_of_Metazoan_Parasites_Reported_from_the_Blue_Whale_Balaenoptera_musculus,Restricted to blue whales,blue whales,parasites,skin?,All - review,visual?,,,Animalia,Platyhelminthes,Cestoda,Tetrabothriidea,nan,Tetrabothriidae,nan,Tetrabothrius schaeferi,Response
Measures 1993,"Annotated List of Metazoan Parasites Reported from the Blue Whale, Balaenoptera musculus",https://www.researchgate.net/publication/265906993_Annotated_List_of_Metazoan_Parasites_Reported_from_the_Blue_Whale_Balaenoptera_musculus,,blue whales,parasites,skin?,All - review,visual?,,,Animalia,Platyhelminthes,Cestoda,Tetrabothriidea,nan,Tetrabothriidae,Tetrabothrius,,Response
Measures 1993,"Annotated List of Metazoan Parasites Reported from the Blue Whale, Balaenoptera musculus",https://www.researchgate.net/publication/265906993_Annotated_List_of_Metazoan_Parasites_Reported_from_the_Blue_Whale_Balaenoptera_musculus,,blue whales,parasites,skin?,All - review,visual?,,,Animalia,Nematoda,Chromadorea,Rhabditida,nan,Anisakidae,Anisakis,Anisakis simplex,Response
Measures 1993,"Annotated List of Metazoan Parasites Reported from the Blue Whale, Balaenoptera musculus",https://www.researchgate.net/publication/265906993_Annotated_List_of_Metazoan_Parasites_Reported_from_the_Blue_Whale_Balaenoptera_musculus,,blue whales,parasites,skin?,All - review,visual?,,,Animalia,Nematoda,Chromadorea,Rhabditida,nan,Anisakidae,Anisakis,,Response
Measures 1993,"Annotated List of Metazoan Parasites Reported from the Blue Whale, Balaenoptera musculus",https://www.researchgate.net/publication/265906993_Annotated_List_of_Metazoan_Parasites_Reported_from_the_Blue_Whale_Balaenoptera_musculus,,blue whales,parasites,skin?,All - review,visual?,,,Animalia,Nematoda,Chromadorea,Rhabditida,nan,Tetrameridae,nan,Crassicauda crassicauda,Response
Measures 1993,"Annotated List of Metazoan Parasites Reported from the Blue Whale, Balaenoptera musculus",https://www.researchgate.net/publication/265906993_Annotated_List_of_Metazoan_Parasites_Reported_from_the_Blue_Whale_Balaenoptera_musculus,Restricted to blue whales,blue whales,parasites,skin?,All - review,visual?,,,Animalia,Nematoda,Chromadorea,Rhabditida,nan,Tetrameridae,nan,Crassicauda tortilis,Response
Measures 1993,"Annotated List of Metazoan Parasites Reported from the Blue Whale, Balaenoptera musculus",https://www.researchgate.net/publication/265906993_Annotated_List_of_Metazoan_Parasites_Reported_from_the_Blue_Whale_Balaenoptera_musculus,,blue whales,parasites,skin?,All - review,visual?,,,Animalia,Nematoda,Chromadorea,Rhabditida,nan,Tetrameridae,nan,Crassicauda boopis,Response
Measures 1993,"Annotated List of Metazoan Parasites Reported from the Blue Whale, Balaenoptera musculus",https://www.researchgate.net/publication/265906993_Annotated_List_of_Metazoan_Parasites_Reported_from_the_Blue_Whale_Balaenoptera_musculus,,blue whales,parasites,skin?,All - review,visual?,,,Animalia,Nematoda,Chromadorea,Rhabditida,nan,Anisakidae,nan,Pseudoterranova decipiens,Response
Measures 1993,"Annotated List of Metazoan Parasites Reported from the Blue Whale, Balaenoptera musculus",https://www.researchgate.net/publication/265906993_Annotated_List_of_Metazoan_Parasites_Reported_from_the_Blue_Whale_Balaenoptera_musculus,,blue whales,parasites,skin?,All - review,visual?,,,Animalia,Acanthocephala,Palaeacanthocephala,Polymorphida,nan,Polymorphidae,Bolbosoma,Bolbosoma turbinella,Response
Measures 1993,"Annotated List of Metazoan Parasites Reported from the Blue Whale, Balaenoptera musculus",https://www.researchgate.net/publication/265906993_Annotated_List_of_Metazoan_Parasites_Reported_from_the_Blue_Whale_Balaenoptera_musculus,,blue whales,parasites,skin?,All - review,visual?,,,Animalia,Acanthocephala,Palaeacanthocephala,Polymorphida,nan,Polymorphidae,Bolbosoma,Bolbosoma balaenae,Response
Measures 1993,"Annotated List of Metazoan Parasites Reported from the Blue Whale, Balaenoptera musculus",https://www.researchgate.net/publication/265906993_Annotated_List_of_Metazoan_Parasites_Reported_from_the_Blue_Whale_Balaenoptera_musculus,,blue whales,parasites,skin?,All - review,visual?,,,Animalia,Acanthocephala,Palaeacanthocephala,Polymorphida,nan,Polymorphidae,Bolbosoma,Bolbosoma brevicolle,Response
Measures 1993,"Annotated List of Metazoan Parasites Reported from the Blue Whale, Balaenoptera musculus",https://www.researchgate.net/publication/265906993_Annotated_List_of_Metazoan_Parasites_Reported_from_the_Blue_Whale_Balaenoptera_musculus,,blue whales,parasites,skin?,All - review,visual?,,,Animalia,Acanthocephala,Palaeacanthocephala,Polymorphida,nan,Polymorphidae,Bolbosoma,Bolbosoma hamiltoni,Response
Measures 1993,"Annotated List of Metazoan Parasites Reported from the Blue Whale, Balaenoptera musculus",https://www.researchgate.net/publication/265906993_Annotated_List_of_Metazoan_Parasites_Reported_from_the_Blue_Whale_Balaenoptera_musculus,,blue whales,parasites,skin?,All - review,visual?,,,Animalia,Acanthocephala,Palaeacanthocephala,Polymorphida,nan,Polymorphidae,Bolbosoma,Bolbosoma nipponicum,Response
Measures 1993,"Annotated List of Metazoan Parasites Reported from the Blue Whale, Balaenoptera musculus",https://www.researchgate.net/publication/265906993_Annotated_List_of_Metazoan_Parasites_Reported_from_the_Blue_Whale_Balaenoptera_musculus,,blue whales,parasites,skin?,All - review,visual?,,,Animalia,Acanthocephala,Palaeacanthocephala,Polymorphida,nan,Polymorphidae,Bolbosoma,Bolbosoma paramuschiri,Response
Measures 1993,"Annotated List of Metazoan Parasites Reported from the Blue Whale, Balaenoptera musculus",https://www.researchgate.net/publication/265906993_Annotated_List_of_Metazoan_Parasites_Reported_from_the_Blue_Whale_Balaenoptera_musculus,,blue whales,parasites,skin?,All - review,visual?,,,Animalia,Acanthocephala,Palaeacanthocephala,Polymorphida,nan,Polymorphidae,Bolbosoma,,Response
Measures 1993,"Annotated List of Metazoan Parasites Reported from the Blue Whale, Balaenoptera musculus",https://www.researchgate.net/publication/265906993_Annotated_List_of_Metazoan_Parasites_Reported_from_the_Blue_Whale_Balaenoptera_musculus,,blue whales,parasites,skin?,All - review,visual?,,Ogmogaster antarcticus,Animalia,Platyhelminthes,Trematoda,Plagiorchiida,nan,Notocotylidae,nan,Ogmogaster antarctica,Response
Measures 1993,"Annotated List of Metazoan Parasites Reported from the Blue Whale, Balaenoptera musculus",https://www.researchgate.net/publication/265906993_Annotated_List_of_Metazoan_Parasites_Reported_from_the_Blue_Whale_Balaenoptera_musculus,,blue whales,parasites,skin?,All - review,visual?,,Ogmogaster plicatus,Animalia,Platyhelminthes,Trematoda,Plagiorchiida,nan,Notocotylidae,nan,Ogmogaster plicata,Response
Measures 1993,"Annotated List of Metazoan Parasites Reported from the Blue Whale, Balaenoptera musculus",https://www.researchgate.net/publication/265906993_Annotated_List_of_Metazoan_Parasites_Reported_from_the_Blue_Whale_Balaenoptera_musculus,,blue whales,parasites,skin?,All - review,visual?,,,Animalia,Arthropoda,Copepoda,Harpacticoida,nan,Balaenophilidae,Balaenophilus,Balaenophilus unisetus,Response
Measures 1993,"Annotated List of Metazoan Parasites Reported from the Blue Whale, Balaenoptera musculus",https://www.researchgate.net/publication/265906993_Annotated_List_of_Metazoan_Parasites_Reported_from_the_Blue_Whale_Balaenoptera_musculus,,blue whales,parasites,skin?,All - review,visual?,,,Animalia,Arthropoda,Copepoda,Siphonostomatoida,nan,Pennellidae,nan,Pennella balaenopterae,Response
Measures 1993,"Annotated List of Metazoan Parasites Reported from the Blue Whale, Balaenoptera musculus",https://www.researchgate.net/publication/265906993_Annotated_List_of_Metazoan_Parasites_Reported_from_the_Blue_Whale_Balaenoptera_musculus,,blue whales,parasites,skin?,All - review,visual?,,,Animalia,Arthropoda,Thecostraca,Balanomorpha,nan,Coronulidae,nan,Xenobalanus globicipitis,Response
Measures 1993,"Annotated List of Metazoan Parasites Reported from the Blue Whale, Balaenoptera musculus",https://www.researchgate.net/publication/265906993_Annotated_List_of_Metazoan_Parasites_Reported_from_the_Blue_Whale_Balaenoptera_musculus,,blue whales,parasites,skin?,All - review,visual?,,,Animalia,Arthropoda,Thecostraca,Balanomorpha,nan,Coronulidae,nan,Coronula reginae,Response
Measures 1993,"Annotated List of Metazoan Parasites Reported from the Blue Whale, Balaenoptera musculus",https://www.researchgate.net/publication/265906993_Annotated_List_of_Metazoan_Parasites_Reported_from_the_Blue_Whale_Balaenoptera_musculus,,blue whales,parasites,skin?,All - review,visual?,,,Animalia,Arthropoda,Thecostraca,Scalpellomorpha,nan,Lepadidae,nan,Conchoderma auritum,Response
Measures 1993,"Annotated List of Metazoan Parasites Reported from the Blue Whale, Balaenoptera musculus",https://www.researchgate.net/publication/265906993_Annotated_List_of_Metazoan_Parasites_Reported_from_the_Blue_Whale_Balaenoptera_musculus,,blue whales,parasites,skin?,All - review,visual?,,,Animalia,Arthropoda,Thecostraca,Scalpellomorpha,nan,Lepadidae,nan,Conchoderma virgatum,Response
Measures 1993,"Annotated List of Metazoan Parasites Reported from the Blue Whale, Balaenoptera musculus",https://www.researchgate.net/publication/265906993_Annotated_List_of_Metazoan_Parasites_Reported_from_the_Blue_Whale_Balaenoptera_musculus,,blue whales,parasites,skin?,All - review,visual?,,,Animalia,Nematoda,Chromadorea,Monhysterida,nan,Monhysteridae,nan,Odontobius ceti,Response
Measures 1993,"Annotated List of Metazoan Parasites Reported from the Blue Whale, Balaenoptera musculus",https://www.researchgate.net/publication/265906993_Annotated_List_of_Metazoan_Parasites_Reported_from_the_Blue_Whale_Balaenoptera_musculus,,blue whales,parasites,skin?,All - review,visual?,,,Animalia,Arthropoda,Malacostraca,Amphipoda,nan,Cyamidae,nan,Cyamus balaenopterae,Response
Measures 1993,"Annotated List of Metazoan Parasites Reported from the Blue Whale, Balaenoptera musculus",https://www.researchgate.net/publication/265906993_Annotated_List_of_Metazoan_Parasites_Reported_from_the_Blue_Whale_Balaenoptera_musculus,,blue whales,parasites,skin?,All - review,visual?,,,Animalia,Arthropoda,Malacostraca,Amphipoda,nan,Cyamidae,nan,Cyamus bahamondei,Response
Measures 1993,"Annotated List of Metazoan Parasites Reported from the Blue Whale, Balaenoptera musculus",https://www.researchgate.net/publication/265906993_Annotated_List_of_Metazoan_Parasites_Reported_from_the_Blue_Whale_Balaenoptera_musculus,,blue whales,parasites,skin?,All - review,visual?,,,Animalia,Arthropoda,Malacostraca,Amphipoda,nan,Cyamidae,Cyamus,,Response
Measures 1993,"Annotated List of Metazoan Parasites Reported from the Blue Whale, Balaenoptera musculus",https://www.researchgate.net/publication/265906993_Annotated_List_of_Metazoan_Parasites_Reported_from_the_Blue_Whale_Balaenoptera_musculus,,blue whales,parasites,skin?,All - review,visual?,,,Animalia,Chordata,Petromyzonti,Petromyzontiformes,nan,Petromyzontidae,nan,Entosphenus tridentatus,Response
Measures 1993,"Annotated List of Metazoan Parasites Reported from the Blue Whale, Balaenoptera musculus",https://www.researchgate.net/publication/265906993_Annotated_List_of_Metazoan_Parasites_Reported_from_the_Blue_Whale_Balaenoptera_musculus,,blue whales,parasites,skin?,All - review,visual?,,,Animalia,Chordata,Teleostei,Carangiformes,nan,Echeneidae,nan,Remora australis,Response
Measures 1993,"Annotated List of Metazoan Parasites Reported from the Blue Whale, Balaenoptera musculus",https://www.researchgate.net/publication/265906993_Annotated_List_of_Metazoan_Parasites_Reported_from_the_Blue_Whale_Balaenoptera_musculus,,blue whales,parasites,skin?,All - review,visual?,,,Animalia,Chordata,Teleostei,Carangiformes,nan,Echeneidae,Remora,,Response
Fiedler et al. 1998,Blue whale habitat and prey in the California Channel Islands,https://www.sciencedirect.com/science/article/abs/pii/S0967064598800179,,blue whales,prey,water,California,visual?,,,Animalia,Arthropoda,Malacostraca,Euphausiacea,nan,Euphausiidae,nan,Thysanoessa spinifera,Response
Fiedler et al. 1998,Blue whale habitat and prey in the California Channel Islands,https://www.sciencedirect.com/science/article/abs/pii/S0967064598800179,,blue whales,prey,water,California,visual?,,,Animalia,Arthropoda,Malacostraca,Euphausiacea,nan,Euphausiidae,nan,Euphausia pacifica,Response